CKG_NM,CKG_MTH_ACTO_NM,CKG_MTRL_CN
만두,삶기, 돼지살코기간것 김치 두부 파 마늘 계란 숙주 깨 참기름 소금 후추 만두피 국간장 미림 대파 멸치다시국물
새우주먹밥,삶기, 밥 새우 오이 치자 단무지 명란젓없어도 무방 새우 삶을 물 대파 레몬즙 참기름 배합초 식초 설탕 소금 
김치감자샐러드,삶기, 신김치 감자 양파 당근 대파 소금물 물 소금 마요네즈 소스 마요네즈 참기름 통깨 
매쉬드포테이토,삶기, 감자 버터 사워크림 우유 파르메산치즈 소금 흰후추 
콩국수,삶기, 흰콩 불린 것 소금 국수 오이 토마토 
파스타샐러드,삶기, 파스타 한줌하고 반정도 토마토 마른 홍고추 또는 페퍼로치노 블랙올리브 파슬리가루 올리브유 아몬드 잣 땅콩 다진마늘 설탕 소금 후추가루
마카로니샐러드,삶기, 마카로니 사과 작은것 당근 옥수수 통조림 땅콩 건포도 물 굵은 소금 설탕 마요네즈 머스터드 물엿 소금 후춧가루 
돼지고기보쌈,삶기,배추김치 배추 무 쪽파 갓 천일염 절임물 천일염 물 찹쌀풀 찹쌀가루 물 보쌈 돼지목살 양파 월계수잎 청주 물 고기잠길만큼 배추김치 장 고춧가루 다진마늘 새우젓 까나리액젓 갈은배 설탕 소금 보쌈 된장 통후추 인스턴트 커피 
감자샐러드,삶기, 감자 프랑크소시지 푸른잎 채소 드레싱 홀그레인 머스타드 다진마늘 올리브유 레몬즙 파슬리가루 후추 소금 
감자샐러드,삶기, 감자 삶은계란 사과 장식용 슬라이스치즈 딸기방울토마토 브로콜리 소금 마요네즈 플레인요거트 
단호박마카로니샐러드,삶기, 단호박 삶아 으깬것 마카로니 양파 오이 슬라이스햄 삶은계란 사과 마요네즈 머스터드 우유 또는 생크림 소금 후추 
동파육,삶기, 돼지고기 브로콜리 통마늘 생강 통후추 정향 정도 진간장 청주 흑설탕 맛술 물 
꿀경단,삶기, 찹쌀가루 물 머그컵 감자전분 백련초가루 녹차가루 꿀 
쌀국수샐러드,삶기, 쌀국수 버미셀리 샐러드용 모듬 채소 레몬 칵테일 새우 오징어 그린홍합 스위트 미니 파프리카 액소틱 푸드 피시소스 레몬즙 설탕 흑후추분 청양고추 다진것 액소틱푸드 스위트 칠리소스 찬물 
돼지고기보쌈,삶기, 흑 돼지고기앞다리살 양파 마늘 생강 대파 흰대 오미자 통후추 물 묵은지 생강술 맛술청주 
두부,삶기, 불린 대두콩 물 한천 당근 잔파 냉동 자숙새우 국간장 소금 작은술 깨소금 
자루우동,삶기, 강고모리 자루우동 건면 다진파 갈은 무우 와사비 김가루 기꼬만 혼쯔유 
삼겹살냉이양배추롤,삶기, 냉이 표고버섯 당근 삼겹살 묵은지 밥 양배추 쌈장 설탕 들기름 소금 
마카로니샐러드,삶기, 마카로니 오이 딱딱한 복숭아 햄 양파 옥수수콘 마요네즈 머스터드 설탕 소금 후춧가루 
감자오이샐러드,삶기, 감자 오이 양파 작은것 슬라이스햄 마요네즈 머스타드소스 설탕 소금 후추가루 
에그샌드위치,삶기, 식빵 삶은계란 토마토 양상추 로메인 슬라이스햄 슬라이스치즈 마요네즈또는크림치즈 머스터드소스 
감자샐러드,삶기, 감자 오이 김밥햄 사과 달걀 소금 후추 마요네즈 취향껏
옥수수삶는법,삶기, 옥수수 물 천일염 뉴슈가 식초 
감자샐러드,삶기, 감자 큰걸로 양파 옥수수 당근 브로콜리 파프리카 땅콩 마요네즈 구운소금 그린 스위티 
콩국수,삶기, 흰콩 검은깨 호두 아몬드 면 오이 소금
닭가슴살샌드,삶기, 닭가슴살 계란 피클 보라양파 파슬리 모닝빵 닭가슴살 삶는 물 양파 통후추 마늘 대파 소금 마요네즈 머스타드 후추 소금 
에그포테이토샌드위치,삶기, 호밀식빵 감자中 달걀 양파 게맛살 오이 옥수수콘 파마산가루 마요네즈 소금 후춧가루 케첩 머스터드 
양배추쌈,삶기, 양배추 당면 당근 대하 고추 감자전분 향신기름 맛소금 맛술
율란,삶기, 밤 꿀 계핏가루 흑임자 참깨 소금 
고구마크림치즈타르트,삶기,소보루 중력분 옥수수가루 베이킹파우더 베이킹소다 버터 땅콩버터 설탕 달걀노른자 물엿 타르트 반죽 박력분 슈거파우더 달걀 버터 필링 고구마 크림치즈 버터 설탕 달걀 
국수,삶기, 멸치 다시마 물 애호박 당근 소면 소고기 달걀 구운 김 장국 가스오부시 간장 조미술 고기밑간 간장 설탕 참기름 후추 다진 마늘 
감자샐러드,삶기, 감자 스위트콘 오이 사과 양파 마요네즈 소금 후추 레몬즙 
고구마샐러드,삶기, 호박고구마 사과 단감 완두콩 마요네즈 소금 
돼지고기굴보쌈,삶기,돼지고기 찜용 돼지고기 통삼겹 대파 잎부분만 배추속 무 무침 무 굴 쪽파 썬 것 생밤 대추 배 무 무침 마늘 고춧가루 소금 설탕 깨소금 새우젓 새우젓 고춧가루 청양고추 소금 
동치미냉면,삶기, 동치미 오이 배 계란 냉면 냉면육수
샐러드김밥,삶기, 감자 달걀 오이 양파 리쳄 파프리카 마른김 쌀밥 마요네즈
치킨상추샐러드,삶기, 상추 닭가슴살 간장 다시국물 생수 다진마늘 올리고당 식초 올리브오일 고추냉이 가루 
돼지고기수육,삶기, 돼지고기목등심 김치 아삭이고추 새우젓 된장 커피가루 월계수잎 양파 대파 통후추 
매쉬드포테이토,삶기, 감자 당근 오이 마요네즈 소금 설탕 
보쌈삶는법,삶기, 돼지고기 수육꺼리 물 대파 국간장 된장 커피 술 마늘 
단호박감자샐러드,삶기, 감자 단호박 계란 오이 당근 양파 사과 햄 맛살 마요네즈 머스터드소스 소금 설탕 
떡밤초,삶기, 절편 밤 물 대추 설탕 물엿 꿀 
보쌈,삶기, 통삼겹살 한방 감초 대추 당귀 통마늘 된장 쌈야채 들깨송이장아찌 산초장아찌 고추 마늘 쌈장 새우젓 
삼겹살보쌈,삶기, 통삼겹살 파 월계수잎 양파 생강 통후추 소스 고추장 고춧가루 간장 마늘다진것 올리고당 설탕 케찹 굴소스 소금 후추 물 청주 
오향족발,삶기, 암돼지족발 짜사이 파 생강 마늘 팔각 마른고추 파 양파 통후추 진간장 굴소스 소주 짜샤이무침 고추가루 고추기름 설탕 간장 참기름 레몬식초소스 식초 레몬즙 물 다진마늘 설탕 
오향장육,삶기, 아롱사태 양배추 마늘 고추 새우 레몬식초 조림물 물 간장 물엿 파 양파 마늘 생강 팔각
돼지목살수육,삶기, 돼지 목살 저수분냄비
감자마카로니샐러드,삶기, 감자 마카로니 삶은 계란 사과 케이퍼 후추 소금 마요네즈 화이트와인식초 올리고당 레몬즙 
감자샐러드,삶기, 오이 당근 삶은감자 땅콩버터
두부,삶기, 쪽파 소고기 두부 간장 매실액기스 고추가루 참기름 통깨 쫑쫑썰은쪽파
삼겹살보쌈,삶기, 삼겹살 팩 대파 마늘 생강 양파 맛술 후추 
닭다리살샐러드,삶기, 닭다리 양상추 청피망 간장 액스트라 버진 올리브유 다진마늘 양파즙 식초 후추 
된장수육,삶기, 돼지고기 보쌈용 오겹살 약 된장 크게큰술 대파 마늘 생강 맛술 후추 
보쌈수육,삶기, 무우 김장김치 돼지고기 그외야채 돼지고기 삶을때 생강 커피 된장 무우무침 참기름 통깨 매실청 고추가루 다진마늘 소금 냉이무침 간장 참기름 매실청 고추가루 다진마늘 통깨 
돼지껍데기편육,삶기, 삶은 돼지껍데기 청양고추 홍고추 실고추 물 껍데기의열배분량 초간장 간장 물 식초 
돼지고기수육,삶기, 토종 흑돼지고기 수육용 마른 홍고추 대파 생강 청주 통후추 정향 달래장 달래 다진것 다진마늘 다진생강 고추기름 간장 현미식초 참기름작은술 청주 통깨 검은깨 
연근과자,삶기, 통연근 포도씨유 파마산치즈가루 파슬리가루 식초물 
오징어순대,삶기, 오징어 돼지고기간거 두부 다진파 다진당근 표고버섯 다진마늘 양파 당면 계란 밀가루 대꼬치 간장 소금 후춧가루 참기름 
콩국수,삶기, 연두부 우유 호두 잣 땅콩 달걀 국수 고명 흑임자 오이 기호에따라 파프리카 기호에따라
녹두빙수,삶기, 녹두 찰떡 물 갈은얼음 여러가지 과일 냉동블루베리 냉동따릭 포도 골드키위 바나나 설탕 소금 우유 시럽
콩국수,삶기, 생면 두부 두유 검은깨 오이 수박 소금 
새싹가지롤,삶기, 가지 피망 개 김밥햄 맛살 새싹 칠리소스 
치즈감자뇨끼,삶기, 감자 박력분 우리밀우리밀이 없으시면 박력분이나 밀가루를 사용가능 찐단호박 모짜렐라치즈 원하시는만큼
오렌지새우샐러드,삶기, 새우 양배추잎동그란 양배추기준 얼갈이 배추 오렌지 키위드레싱 
순두부콩국수,삶기, 순두부 메밀소면 오이 토마토 얼음 우유 검은개 참깨 헤이즐럿 굵은소금
감자샐러드,삶기, 감자 당근 오이 캔옥수수 체다슬라이스치즈 플레인 요구르트 마요네즈 파르마산치즈가루 설탕 소금 후춧가루 
돼지고기수육,삶기, 돼지고기 목살 파뿌리 양파 무우 개 계피 통마늘 된장 약 물 
열무김치국수,삶기, 열무김치 국수 얼음
우족편,삶기, 한우우족 달걀 실고추 파 소금
냉모밀국수,삶기, 메밀면 혼쯔유 물 와사비 무
콩국수,삶기, 백태 소면 생수 오이 토마토 얼음 천일염 
열무국수,삶기, 소면 식초 설탕 통깨 열무김치 오이 열무김치국물 시판육수 참기름 겨자 
감자샐러드,삶기, 감자중간 크키 햄 오이 양파 사과 마요네즈 소금 
고구마샐러드샌드위치,삶기, 작은고구마 계란 옥수수통조림 식빵 플레인요거트 요리당 소금 마요네즈
돼지고기샐러드,삶기, 돼지고기 안심 새싹채소 돼지고기 삶기 된장 양파 생강 마늘 통후추 물 마늘소스 다진마늘 매실청 식초 진간장 참기름 소금 통깨 
돼지고기보쌈,삶기, 돼지고기 앞다리 보쌈용 통마늘 양파 대파 청양고추 통생강 소주 계피 월계수잎 묵은 배추김치 속배추 봉지굴 무생채 된장 간장 새우젓 물 고춧가루 
물냉면,삶기, 냉면 사리 무 오이 삶은 달걀 육수 양지머리 양파 감초 대파 통마늘 통생강 통후추 월계수 국간장 소금 설탕 식초 물 단촛물 식초 설탕 소금 
감자어묵꼬치,삶기, 중앙에 구멍이 뚫린 어묵 막대 어묵 직사각형 어묵 감자 간장 집간장 
삼겹살수육,삶기, 돼지고기 삼겹살 알배기배추 쌈무 새우젓 천일염 삼겹살 삶기 양파 대파 계피 생강 마늘 통후추 된장 소주 물 무생채 무 배 부추 멸치액젓 고춧가루 설탕 다진마늘 천일염 통깨 
돼지고기보쌈,삶기, 돼지고기목심 참나물 된장 맥주 양파 토마토 소스 액젖 식초 설탕 고추가루 마늘 통깨
주꾸미샐러드,삶기, 주꾸미 어린잎채소 레몬즙 주꾸미세척용밀가루 간장 맛술 참깨 마요네즈 참기름 올리브오일 설탕 후춧가루 연겨자생략 가능 
부추제육샐러드,삶기, 돼지고기 된장 얼음물 크랜베리 양파 부추 시판참깨소스 겨자 매실액 액젓 땅콩분태 레몬즙 
메밀국수,삶기, 메밀국수 무 오이 당근 양배추 와사비 김가루 메밀국수 국물 멸치 다시마 작은것 물 진간장 설탕 청주 대파 가쓰오부시 
돼지고기보쌈,삶기, 삶은돼지고기 깻잎간장 장아찌 양파장아찌
열무국수,삶기, 소면 열무물김치 식초
단호박샐러드,삶기, 단호박 옥수수통조림 크렌베리 견과류 플레인요거트 마요네즈
콩국수,삶기, 콩 오이 토마토 견과류
감자삶는법,삶기, 감자 소금 설탕 
콩국수,삶기, 백태 소금 물 오이 토마토 달걀 얼음 
감자뇨끼,삶기,뇨끼 감자 계란 박력분 소스 베이컨 방울토마토또는토마토 양파 
감자샐러드,삶기, 감자中 오이 당근 슬라이스 햄 다진양파 마요네즈 소금 
스터프드에그,삶기, 달걀 오이 슬라이스 햄 파슬리 마요네즈 머스터드 소금 후춧가루 
감자과일샐러드,삶기, 감자 오이 삶은계란 크렌베리 땅콩 마요네즈 꿀
감자샐러드,삶기, 중간 크기 감자 달걀 오이 양파 마요네즈 소금 후추 
삼겹살보쌈,삶기, 구이용 삼겹살 통파 통마늘 통후추 생강 월계수잎
물만두,삶기, 다진 돼지고기 부추 밀가루 물 소금 다진마늘 다진파 청주 굴소스 참기름 포도씨유 소금 후춧가루 
꼬막삶기,삶기, 꼬막 소금 물 
삼겹살보쌈,삶기, 삼겹살 무 대파 소주 물 새우젓 쌈채소 배 무생채 다진마늘 멸치액젓 매실액 고춧가루 검은통깨
감자샐러드,삶기, 감자 삶은달걀 오이 양파 크래미게살 마요네즈 고운소금 후추가루 
감자삶는법,삶기, 감자
삼겹살보쌈,삶기, 통삼겹살 양파 대파 마늘 생강 된장 월계수잎 통후추 소주 묵은지 김치 무말랭이 무침 새우젓 
감자샐러드,삶기, 작은감자 삶은 달걀 완두콩 당근 소금 후춧가루 설탕 마요네즈 플레인 요구르트 
열무김치말이국수,삶기, 국수 열무김치 시판냉면육수 삶은계란 
간장보쌈,삶기, 돼지고기목살 대파 양파 마늘톨 생강 통후추 간장 맛술 참기름 
감자샐러드,삶기, 감자 계란 오이 맛살 마요네즈 떠먹는 요구르트 소금 후추 머스타드소스 
에그샌드위치,삶기, 계란 식빵 마요네즈 스위트피클 후춧가루 설탕 
스지수육,삶기, 스지 양파 고추 월계수잎 부추 양파채 소금 후춧가루
사과단자,삶기, 사과 찹쌀가루 딸기가루 코코넛가루 장식용대추 호박씨 사과필링 설탕 계피가루 사과정과 설탕 
달걀치즈샌드위치,삶기, 식빵 달걀 오이 양파 슬라이스 치즈 슬라이스 햄 마요네즈 소금 후춧가루 설탕 버터 
보쌈,삶기, 삼겹살 양파 마늘 된장 청주 커피 후추 생강 미림 
수육삶는법,삶기, 돼지고기 대파 양파 통후추 통마늘 커피가루 된장 
돼지고기수육,삶기, 앞다리살 물 된장 통후추 대파흰부분 마늘 생강 월계수잎 
초계국수,삶기, 닭 오가피 마늘 대파 양파 황기 엄나무 당귀 파프리카 양상추 오이 수박 겨자 냉면육수 식초 달걀 메밀면
감자샐러드,삶기, 감자 오이 당근 양파 햄 마요네즈 레몬즙 후추 소금 
매쉬드포테이토,삶기, 감자 슬라이드치즈 소금
숙주나물,삶기, 숙주나물 굵은소금 가는소금 대파 다진마늘 깨소금 참기름 씩
국수,삶기, 소면 냉면육수 총각김치 초고추장 설탕 참기름 통깨
보쌈,삶기, 삼겹살 무 대파 소주 물 부추 부추겉절이 통후추 멸치액젓 작은술 고춧가루 매실액 통깨 
준순손질,삶기, 죽순
달걀컵초밥,삶기, 밥 달걀 데친 당근 파 마요네즈 초밥 식초 설탕 소금 
수육,삶기, 돼지고기목살 맥주 통후추
골뱅이소면,삶기, 골뱅이 오이 소면 고추장 고추가루 다진마늘 참기름 간장 깨 식초 설탕 올리고당 
명이나물마늘보쌈,삶기, 오겹살 명이나물장아찌 월계수잎 대파 청양고추 생강 통마늘 양파 된장 청주 통후추 마늘소스 다진마늘 사과즙 유자청 식초 
열무국수,삶기, 열무물김치 소면 오이 청양고추 달걀 연겨자 설탕 식초 소금 
콩국수,삶기, 콩 물 오이 달걀 개 검은깨 얼음 소면 소금 
콩국수,삶기, 대두 콩 오이 토마토 소면 물 각얼음 굵은소금 깨소금 굵은소금 
감자삶는법,삶기, 감자 굵은 소금
감자사라다,삶기, 감자 마요네즈 고추냉이 깨 소금 후추 넉넉히
오이냉국수,삶기, 미역 오이 당근 양파 대파 청양고추 개 홍고추 소면 다시마우린 물 얼음 다진마늘 통깨 국간장 소금 설탕 고춧가루 식초 
감자삶는법,삶기, 감자 굵은소금 뉴슈가 물 
옥수수삶는법,삶기, 옥수수 소금 설탕 물 
김치말이국수,삶기, 소면 오이 김치 잘익은김치 고추장 식초 깨 김치국물 김치국물 멸치육수 설탕 식초 매실
물김치냉면,삶기, 냉면 사리 달걀 자두 키위 물김치 올리고당 연겨자 식초
팥삶기,삶기, 팥 설탕 물 
냉우동,삶기, 우동면 후레이크 오이 토마토 얼음물 김 간장스프
콩국수,삶기, 오이 소금 두유 미숫가루 검은깨 
강황국수,삶기, 강황국수 당뇨고추 푸른잎채소 겨자잎 방울토마토 체리
마늘보쌈,삶기, 돼지고기앞다리살 파 마늘 양파 고기 된장 간장 후추 마늘소스 다진마늘 다진양파 겨자가루 간장 매실액 
메추리알까는법,삶기, 메추리알 물 소금 식초 밀폐용기
무청시래기,삶기, 무청 시래기
계란삶는법,삶기, 계란 물 소금 식초
검정콩청국장,삶기, 검정콩
감자삶기,삶기, 감자 소금 설탕 
냉모밀국수,삶기, 열무김치 메밀국수 생면 삶은달걀 오이 가쓰오부시소스
서리태콩국수,삶기, 소면 α 서리태 물 잣 수박 소금 
묵은지국수,삶기, 국수 묵은지 호박나물 취나물 깨소금 참기름 액젓 다시마 멸치 짜투리 야채
감자삶는법,삶기, 감자 설탕 소금 
연잎수육,삶기, 연잎 통삼겹살 마늘 양파 적양배추 베이비채소 고추가루 식초 설탕 액젓 후추
옥수수,삶기, 흑찰옥수수 물
콩국수,삶기, 두부 우유 호두 정도 오이 당근 토마토 깨소금 
옥수수삶는법,삶기, 옥수수 물 소금 신화당 
냉면,삶기, 냉면 육수 열무 물김치 
콩국수,삶기, 콩 소면 오이 달걀 토마토 물 소금 통깨 토마토 
콩국수,삶기, 메주콩 소면 명월초 천도복숭아
문어삶기,삶기, 문어 무 파
도토리묵국수,삶기, 도토리묵 국수 멸치육수 달걀 김가루 묵은지 간장 깨소금 참기름 
율란,삶기, 밤 계피가루 견과류
돼지껍데기,삶기, 돼지껍데기 된장 소주 월계수잎 불고기맛 불닭갈비맛
돼지고기수육,삶기, 삼겹살 월계수잎 된장
문어삶는법,삶기, 문어 설탕 식초 
물국수,삶기, 국수면 당근 호박 어묵 단무지 계란지단 육수 멸치 무 다시마 멸치 젓갈 장 진간장 참기름 고춧가루 파 청양고추
파스타샐러드,삶기, 파스타면 샐러드채소 오리엔탈드레싱 발사믹드레싱 칠리소스 케찹 하인즈칠리소스 
스파게티삶는법,삶기, 면 물 소금 올리브유 
한방수육,삶기, 껍데기붙은삼겹살 계피 엄나무슬라이스 당귀 홍삼진액 대파 인스턴트커피 백김치 굴소스 올리브유 후추 
소고기수육,삶기, 양지머리 갓김치 당귀 인스턴트커피 물 조리도구 고기묶기용실
계란초,삶기, 계란 오이 소금 식초 초고추장 깨 참기름
감동란,삶기, 물 천일염 달걀 식초 소금 
렌틸콩양상추샐러드,삶기, 렌틸콩 마요네즈 레몬즙 소금 양상추 어린잎 소스 발사믹식초
참치만두,삶기, 시판용만두피 참치캔 양파 씻은김치 계란 숙주무침
돼지고기보쌈,삶기, 돼지고기 사과 양파 양배추 통마늘 통후추 월계수잎 된장 소주 
돼지고기수육,삶기, 돼지 사태 배추김치 갓김치 마늘장아찌 대파 연잎 당귀 인스턴트커피 홍삼액기스 물
밥솥계란,삶기, 계란 소금 
갓김치보쌈,삶기, 오겹살 엄나무 당귀 갓김치 무생채 고춧가루 까나리액젓 매실청 식초 다진마늘 깨 참기름 부추양파무침 간장 연잎효소 식초 참기름 보쌈 삶을때 연잎효소 간장 홍삼엑기스 인스턴트커피 
저수분수육,삶기, 돼지고기삼겹살목살 양파 파 월계수잎 다용도시즈닝
콩국수,삶기, 흰콩 물 깨 잣 호두 생수 오이 토마토 밀가루 소금 생수 덧밀가루 얼음 비트 소금 
보쌈,삶기, 돼지앞다리살 월계수잎 파 양파 다진마늘 인스턴트커피가루 된장 물
열무국수,삶기, 열무김치 냉면육수 물 오이 계란 소면
감자샐러드,삶기, 감자 오이 계란 당근 마요네즈 후춧가루 올리고당 소금 
돼지고기수육,삶기, 돼지고기 대파 양파 다진마늘된장소주
계란초,삶기, 달걀 양배추 당근 오이 초고추장 깨
삼겹살보쌈,삶기, 삼겹살 앞다리살 양파 대파 통마늘 통후추 월계수잎 된장 인스턴트커피
돼지고기수육,삶기, 돼지고기 대파 양파 다진마늘 된장 소주
냉이국수,삶기, 갓냉이동치미 소면
감자카레샌드위치,삶기, 감자 다진 소고기 굵게 다진 양피 식빵 카레가루 케찹 설탕 모두 
에그샌드위치,삶기, 달걀 소금 후추 마요네즈 식빵 버터
치킨아몬드샌드위치,삶기, 닭안심 양상추로메인 토마토 식빵 마요네즈 후추 설탕 씨겨자 마요네즈
열무국수,삶기, 열무김치 계란 오이 열무김치국물 멸치육수 소면 식초 설탕 통깨
수육삶는법,삶기, 돼지고기 커피가루 월계수잎 생강 
돼지고기보쌈,삶기, 돼지고기 된장 마늘 파 통후추
돼지고기보쌈,삶기, 돼지고기 앞다리살 족발 종물 쌈채소 취향껏 족발 종물 물 간장 설탕 올리고당 통마늘 대파 생강 양파 엄나무 월계수잎 계피가루 건고추 통후추 새우젓장 자하젓 물 대파 다진것 고춧가루 깨 쌈장 된장 고추장 참기름 매실청 깨 취향껏 잣 취향껏
마카로니샐러드,삶기, 마카로니 옥수수알 완두콩 당근 건포도 마요네즈 홀그레인머스터드 설탕 소금 
매쉬드포테이토,삶기, 감자 버터 우유 소금 후추 파슬리
콩나물밥,삶기, 쌀 콩나물 국그릇 갈은 돼지고기 종이컵 표고버섯 당근 팽이버섯 오이 달걀 간장 설탕 고춧가루 다진마늘 다진파 올리고당 참기름 통깨
두부김치말이국수,삶기, 묵은지 두부 오이 얼음 고추장 매실청 묵은지 김칫국물 다시마우린 물 매실청 식초
오이소박이국수,삶기, 오이소박이김치 소면 삶은계란 배 진간장 참깨 오이소박이국물 물 매실즙 식초 소금
감동란,삶기, 계란 천일염 식초
수수팥떡,삶기, 팥 수수가루 찹쌀가루 소금 설탕 소금
시래기밥,삶기, 시래기 쌀뜨물 백미 현미 흑미 퀴노아 시래기 국간장 들기름 마늘 장 국간장 사과청 꿀 대파 마늘 깨 참기름
고구마아이스크림,삶기, 아이스크림 찐고구마 견과류 초코가루
콩국수,삶기, 두부 소면 오이 토마토 소금 땅콩버터 설탕 물 통깨 
감자계란샐러드,삶기, 감자 계란 양파 오이 당근 크래미 소금 후추 마요네즈 케첩
콩국수,삶기, 시판용콩국 소면 달걀 오이 미숫가루 깨소금
김치말이국수,삶기, 신김치 동치미냉면육수 소면 레몬식초 설탕 참기름 통깨
돼지고기수육,삶기, 돼지고기앞다리살 대파 생강 통마늘 맛술 된장
삼겹살샐러드,삶기, 깻잎 양상추 양파 당근 대패삼겹살 된장 마늘 생강 엄지 손가락 한마디 크기 물 씨겨자 허니머스타드 다진마늘 식초 올리고당 매실청 설탕 
고구마단호박샐러드,삶기, 고구마 작은것 단호박 우유 설탕 버터 소금 건포도 크렌베리 마요네즈 연유 레몬즙 요플레 슬라이스아몬드
히야시추카,삶기, 메밀면 오이 달걀 맛살 숙주 토마토 삶은고기 어묵 다시물 간장 설탕 식초 참기름 연겨자
치즈감자샐러드,삶기, 감자 소금 포도씨유 버터 다진마늘 다진 양파 밀가루 우유 체다슬라이스치즈 피자치즈 파마산치즈가루 쌈채소 방울토마토 소금 후추 
콩국수,삶기, 두부 우유 호두 정도 오이 당근 토마토 깨소금 
두부땅콩버터국수,삶기, 포프리 두부 두부 반모 국수 땅콩버터 참깨 소금 
간장수육,삶기, 된장 마늘 엄지 손가락 한마디 크기의 생강 돼지 껍떼기가 붙은 앞다리살 물 청양고추 대파 고기 삶은물 간장 매실청 설탕 청주 월계수 통후추 
에그샌드위치,삶기, 계란 모닝빵 오이 맛살 양파 피클 마요네즈 머스타드소스
감자계란샐러드,삶기, 감자 계란 파프리카 양파 크래미 옥수수 통조림 소금 후추 마요네즈
냉모밀,삶기, 메멜면 로즈마리 찬물 얼음 라임 깻잎 메밀소바쯔유 
물냉면,삶기, 시판냉면 육수 무 계란
콩국수,삶기, 시장표 콩국물 소면 오이 굵은 소금 달걀 깨 
무수분수육,삶기, 돼지고기 양파 작은거 사과 작은거 파 된장 다진마늘 월계수잎 통후추 커피알 
스파게티삶는법,삶기, 스파게티 면 물 소금 올리브유 
콩국수,삶기, 메주콩 깨 물 삶은콩양의세배 소금 메밀면 오이 
콩국수,삶기, 생메주콩 삶은백태 물 통깨 소면 오이 건포도 
콩국수,삶기, 검은콩 호두 검은깨 소면 건포도 오이 체리 소금 꿀
냉칼국수,삶기, 칼국수 면 동치미육수 오이 김치 오이와비슷한양으로 삶은 계란 통깨 
냉면,삶기, 냉면 냉면육수 무 파프리카 양파 식초 설탕 소금 겨자 고추가루
실곤약샐러드,삶기, 실곤약 오이 맛살 마요네즈 올리고당
시래기삶는법,삶기, 시래기
슈바인학세,삶기,고기 삶기 돼지앞다리살 흑맥주 물 월계수잎 사우어크라우트 양배추 소금 식초 설탕 
콩국수,삶기, 콩 참깨 오이등
딸기찹쌀떡,삶기, 딸기 양갱 찹쌀 카스테라 아몬드 가루녹차 소금 설탕 
병아리콩밥,삶기, 병아리콩 쌀 소금 
콩국수,삶기, 서리태 검은깨 생수 부 오이 토마토 소금
감자샐러드샌드위치,삶기, 감자 오이 양배추 파프리카노랑 파프리카빨강 아몬드 우유 아가베시럽 매실액 허브솔트 
콩국수,삶기, 백태 볶은참깨 소금 볶은콩가루 땅콩 물 설탕 오이 방울토마토 얼음
수육보쌈,삶기, 돼지고기보쌈용 통마늘 양파 된장스푼 통후추 대파 월계수잎
감자샐러드,삶기, 감자 빨강파프리카 노란파프리카 피망 옥수수콘 마요네즈 허니머스타드 꿀 흑임자 
콩국수,삶기, 두부 두유 땅콩잼 소금 깨 설탕
옥수수삶는법,삶기, 옥수수 물 압력밥솥의비율 소금 설탕 
돼지고기수육,삶기, 돼지고기 삼겹 대파 양파 마늘 월계수잎 된장 통후추 
콩국수,삶기, 검은콩 오이 참깨 소금
콩국수,삶기, 두부 깨 땅콩버터 물 두부담은 통으로 
콩국수,삶기, 두부 깨 물 두부통으로 땅콩버터 설탕 소금 
에그슬럿,삶기, 계란 삶은 감자 크기에 따라 우유 유리병 마요네즈 치즈 후추 소금 
열무국수,삶기, 열무국수국물 다시육수 양배추피클주스 국수 열무김치 오이채 깨소금 얼음 고추장 양조간장 매실청 김칫국물 참기름 
콩국수,삶기, 콩가루 생수 오이 소금 소면
옥수수삶는법,삶기, 옥수수 소금 설탕 뉴슈가 
자두냉메밀국수,삶기, 메밀면 생수 자두 오이 크래미 구운계란 맛김가루 쯔유 양파효소
감동란,삶기, 계란 물 소금 
초계탕국수말이,삶기, 닭 소면 파프리카 양파 오이 채수 디포리 양파 대파 등 자투리채소 육수 뒤포리 대파 식초 겨자 소금 설탕
다슬기삶는법,삶기, 다슬기 상추 깻잎 양파 당근 청양고추 마늘 깨 초고추장 된장 
밤까는법,삶기, 밤 소금 
콩국수,삶기, 두부 땅콩버터 소금 통깨 물두부 팩 가득 국수 동전크기 설탕 삶은 계란 소금 식초 
스파게티삶는법,삶기, 스파게티면 마늘 양파 양송이버섯 올리브오일 소금 파슬리가루 파머산치즈
옥수수삶기,삶기, 찰 옥수수 물 옥수수 수염 천일염 
보쌈,삶기, 돼지고기 양파 생강 통마늘 고추 대파 커피 된장
보쌈,삶기, 돼지고기앞다리살 보쌈용 양파 당근 대파 통마늘 생강 통후추 커피가루 청주 물 
매쉬드포테이토,삶기, 감자 오이 당근 옥수수캔 마요네즈 생크림 우유 소금 후추 설탕 
옥수수삶는법,삶기, 옥수수 천일염 뉴슈가 
돼지고기수육,삶기, 돼지고기 앞다리살 굴소스 청주 후추 통마늘 월계수잎 부추겉절이 부추 적양파 소금 설탕 고추가루 참기름 다진마늘 통깨 
옥수수삶는법,삶기, 옥수수 소금 뉴슈가 
감자샐러드샌드위치,삶기, 감자 계란 햄 오이 마요네즈 소금 
수육보쌈,삶기, 돼지고기 돈삼겹살 된장 마늘 양파 대파 통후추 
콩국수,삶기, 검콩 소쿠리 흰콩 소쿠리 땅콩 소쿠리 소면 오이 토마토 슬라이스 삶은계란 얼음 굵은소금
김치말이국수,삶기, 김칫국물 얼음 매실액 연겨자 식초 오이 베이비채소 우리밀소면 
만두,삶기, 돼지고기간거 만두피 부추 배추 작은거 당면 두부 계란 후추 소금 참기름 다진마늘 
감자샐러드,삶기, 동원 알감자캔 다진 양파 소주컵 다진 당근 다진 단무지 소스 마요네즈 소주컵 식초 황설탕 백후추 파슬리 
콩국수,삶기, 두부 국수 스키피땅콩버터 우유 오이 삶은게란 방울토마토 쑥갓 통깨 검은깨 소금 
수육,삶기, 수육용 통삼겹 펩시 물 된장 간장 후추가루 
콩국수,삶기, 메주콩 검은콩 생수 통깨 삶은 계란 개 토마토 슬라이스 칼국수면 소금 
매쉬드포테이토샌드위치,삶기, 감자 달걀 견과류 크렌베리 식빵 마요네즈 연유 소금 후추 톡톡
사과샌드위치,삶기, 사과 삶은달걀 콘 감자 오이 양파 당근 마요네즈 머스터드 꿀 
냉면,삶기, 둥지물김치냉면 단호박 오이 파프리카 닭가슴살통조림 
메밀김밥,삶기, 메밀국수 단무지 우엉 조림 미나리 오뎅 햄 맛살 소금 참기름 통깨 쯔유 다진마늘 다진 파 
콩나물밥,삶기, 콩나물 쌀 설탕 깨 진간장 마늘 참기름 고추가루 쪽파 청양고추 
서리태콩국수,삶기, 서리태콩 종이컵 생수는 양보며조절 국수 삶은 달걀 오이 토마토 소금
옥수수삶는법,삶기, 옥수수 설탕 소금
보쌈,삶기, 수육 된장 월계수잎 양파 대파 청주 다진마늘 후추 쌈김치 미나리 부추 양파 당근 무 배 쌈 알배기 배추 깻잎 상추 풋고추 마늘 저민것 또는 마늘장아찌 보쌈김치 고추장 고추가루 계량컵 기준 다진 마늘 매실액 조청 통깨 진간장 
다슬기삶는법,삶기, 다슬기 물
브로콜리손질,삶기, 브로콜리 굵은소금 
짜파게티,삶기, 짜파게티 계란 물 
밀떡,삶기, 밀가루 찹쌀가루 소금 참기름 물 
감자샐러드,삶기, 감자 원하는만큼 계란 원하는만큼 식빵 오이 마요네즈
두부콩국수,삶기, 중면 오이 두부 우유 두유 설탕 소금 아몬드 깨 
옥수수삶는법,삶기, 옥수수 천일염 설탕
콩국수,삶기, 콩 국수 소금
보쌈삶는법,삶기, 돼지고기앞다리살 삼겹살목살 양파 대파 고추 마늘 후추가루 소주 커피가루 된장 
콩국수,삶기, 시판용콩국물 소면 오이 계란 소금 통깨
두부콩국수,삶기, 통밀국수 두부 콩가루 우유 각얼음 마요네즈 설탕 깨소금 
에그포테이토샌드위치,삶기, 감자 달걀 상추 식빵 토마토 마요네즈
감자고구마옥수수샐러드,삶기, 고구마 감자 옥수수 마요네즈
보쌈삶는법,삶기, 보쌈용 고기 된장 월계수잎 통후추 물
소면,삶기, 소면 소고기 애호박 당근 양파 포도씨유 간장 물 굴소스 맛술 매실청 참기름 통깨 
매쉬드포테이토샌드위치,삶기, 감자 계란 오이 당근 옥수수캔 마요네즈 소금 후추 우유 
콩국수,삶기, 두부 칼국수 면사리 오이채 건포도 물 통깨 땅콩버터 설탕 소금 콩국물 
수육삶는법,삶기, 돼지고기 앞다리살 대파 월계수잎 맛술 된장 소주 
옥수수삶는법,삶기, 옥수수 소금 뉴슈가 
수육삶는법,삶기, 돼지고기 앞다리 소주 쌀뜨물 통마늘 된장 
냉라면,삶기, 라면 당근 오이 파프리카 삶은 달걀 다시마 육수 소금 고추가루 다진 마늘 식초 설탕 소금 
낫또소바,삶기, 무순 대파 김가루 메밀생면 생낫또 가쓰오부시 장국 생수 겨자
병아리콩후무스,삶기, 삶은 병아리콩 식물성오일 참깨 다진마늘 소금 쿠민파우더 후추 꿀
국수,삶기, 두부 우유 아몬드 잣 호두 소금 
통삼겹살수육,삶기, 돼지고기수육용 고춧씨 후추 대파 통마늘 허브가루 
닭백숙,삶기, 찹쌀 녹두 통마늘 닭고기 맛술 후추 소금
감자마카로니샐러드,삶기, 감자 마카로니 오이 당근 설탕 소금 마요네즈 후추 레몬즙 
감자샐러드샌드위치,삶기, 감자 큰거 오이 당근 햄 계란 마요네즈 소금 
계란,삶기, 계란 식초 소금 
밥솥약밥,삶기, 찹쌀 밤 대추 호박씨 흑설탕 진간장 참기름 소금 계피가루 물 아몬드분태건포도 
돼지고기수육보쌈,삶기, 돼지고기 양파 통마늘 헤이즐넛커피 대파 된장 
베이컨간장국수,삶기, 베이컨 소면 간장 참기름 설탕 참깨 다진마늘 
햄부추만두,삶기, 만두피 슬라이스햄 부추 당면 숙주나물 두부 참기름 후춧가루 마늘다진것 소금
단호박감자샐러드,삶기, 단호박 감자 마요네즈 레몬즙 호두 
동파육,삶기, 돼지고기 삼겹살 껍질있는걸로 팔각 대파 뿌리쪽 통후추 생강 마늘 양파 청경채 채썬파 전분물 진간장 굴소스 설탕 올리고당 소주 치킨파우더 
수육김치쌈,삶기, 돼지고기명절에 삶은 국물 돼지고기 삶기 국간장 생강 통마늘 월계수잎 
땅콩삶는법,삶기, 땅콩
감자,삶기, 감자
샌드위치에그스프레드,삶기, 계란 잉글리쉬머핀 해쉬포테이토 마요네즈 설탕 케찹 후추 
양배추쌈,삶기, 양배추 정도 달걀 쌈채소 파 치즈 닭가슴살고기 혹은 참치도 가능 양파 우유 마늘 혹은 다진마늘 된장 고추장 고춧가루 참기름 양자택일 사이다 스파클링와인탄산수설탕물 
감자샐러드,삶기, 감자 당근 오이 소금 후춧가루 마요네즈 
고구마샐러드,삶기, 고구마 양파 당근 소금 후추 버터 마요네즈 머스터드 꿀 우유 
매쉬드포테이토,삶기, 빨간감자 버터 삶은메추리알 구운베이컨 샤워크림 소금 설탕 후추
감자샐러드,삶기, 감자 중간크기 삶은 계란 건포도 크래미 당근 오이 슬라이스 치즈 통후추 으깬 것 마요네즈 설탕 
닭백숙,삶기, 백숙용 닭 대파 통 마늘 백숙용 부 인삼 한약재 대추 찹쌀 물 천일염
문어연어샐러드,삶기, 자숙문어 훈제슬라이스연어 양상추 치커리 오이 파프리카 라즈베리 발사믹식초
밤삶는법,삶기, 밤 베이킹소다 
단호박찌는법,삶기, 단호박 아가베시럽
오징어삶는법,삶기, 오징어 물 천일염 
고구마샐러드,삶기, 고구마 아몬드슬라이스 건포도 마요네즈 꿀 우유 
감자샐러드,삶기, 감자 계란 당근 양파 오이 마요네즈 머스터드
감자샐러드,삶기, 감자 당근 오이 사과 마요네즈 설탕 
소면,삶기, 소고기미카엘불고기용 돼지고기 사용 베이컨 양송이 절구버섯미카엘새송이버섯 사용 종이컵 기준 빨강 파프리카 노랑 파프리카 양파 애호박 달걀 마늘 양배추 미카엘 사용 토마토 미카엘방울토마토 사용 부추 김치 소면 꽉차는 크기 간장 소금 설탕 식초 혹은 레몬즙 
감자샌드위치,삶기, 감자 계란 슬라이스햄 양상추 로메인상추 모닝빵 소금 통후추 마요네즈 올리고당
돼지고기수육,삶기, 돼지고기 목살 대파 양파 청양고추 마늘 생강 통후추 월계수잎 된장 인스턴트커피 청주 
보쌈,삶기, 돼지고기 앞다리살 마늘장아찌 대파 연잎 당귀 인스턴트커피 홍삼액기스 물 돌돌김치 배추김치 갓김치 
돼지고기수육보쌈,삶기, 삼겹살 사태 양파 대파 청양 고추 생강 월계수잎 된장 청주 
에그샐러드,삶기, 계란 양파 마요네즈 허니머스터드 후추 소금 
묵은지고구마그라탕,삶기, 고구마 중간 것 마요네즈 우유 묵은지 버터 올리고당 모짜렐라치즈 체다치즈 식빵 파슬리가루 
수수경단,삶기, 찹쌀 수수 팥 소금 설탕
밤삶는법,삶기, 밤
보쌈수육,삶기, 돼지고기수육용 삼겹살 냄새잡는한약재 된장 청양고추 무 설탕 소금 고춧가루 고추장 다진파 다진마늘 새우젓 올리고당 깨 
보쌈,삶기, 앞다리살 된장 대파 마늘 후추 커피 
수육삶는법,삶기, 삼겹살 마늘 대파 돼지고기 기준 월계수잎 물 통후추 커피 생강가루 청주 된장 
보쌈,삶기, 돼지고기 무 미나리 쪽파 양파 대파 통마늘 생강 월계수잎 된장 인스턴트 커피가루 통후추 고춧가루 까나리액젓 매실 
콩나물밥,삶기, 콩나물 쌀 쪽파 참기름 술 다진마늘 술 집 간장 술 진 간장 술 고춧가루 술 매실액 술 깨소금
보쌈,삶기, 보쌈용 고기 느타리버섯 된장 맛술 다진마늘 기꼬만 데리야끼 소스 고기육수 올리고당 설탕 다진마늘 후추 
배추우거지,삶기, 배추우거지
보쌈김치,삶기, 돼지고기 오겹살 쌈배추 콜라비 청양고추 당근 월계수잎 고춧가루 다진마늘 매실액 물엿 멸치액젓 
저수분수육,삶기, 돼지고기 무 깨소금 녹차 가루 밀가루 
수육삶는법,삶기, 수육용 삼겹살 통마늘 월계수잎 소주맛술 된장 
저수분수육,삶기, 돼지고기앞다리살 양파 대파 쌍화탕 맛술 간장 
노오븐고구마빵,삶기, 는 고구마 계란 우유 생략가능
수육,삶기, 남은수육이나냉동수육 배추 통마늘 부추
고구마삶기,삶기, 고구마
양배추쌈,삶기, 양배추 
족발삶기,삶기, 미니족 월계수잎 계피 당귀 간장 설탕 
허니버터고구마,삶기, 고구마 버터 꿀 파슬리가루 시나몬파우더 
돼지고기수육,삶기, 돼지고기 전지 사태 물 무 양파 대파 마늘 생강 월계수잎 감초 통후추 된장 소금 소주 
피꼬막,삶기, 피조개 소금 달래 고추가루 참기름 깨 간장 자작하게
연어동그랑땡,삶기, 연어 양파 참나물다른나물 대체가능 소금 후춧가루 까나리액젓 고춧가루 식초 매실액 아가베시럽설탕 대체가능 깨 
수육삶는법,삶기, 돼지고기 대파 양파 통마늘 된장 생강 커피가루 통후추 소주 
꼬막삶는법,삶기, 꼬막
돼지고기수육,삶기, 앞다리 고기 파 양파 마늘 고추 생강 양파껍질 파뿌리 된장 후추 
과일샐러드,삶기, 사과 감 감자 옥수수 통조림 크랜베리 마요네즈 설탕
돼지고기수육,삶기, 수육고기 대파 양파 월계수잎 생강가루 소주 된장 후춧가루
오드블,삶기, 달걀 요플레 우유 소금 후추 유자청 애플민트
꼬막삶기,삶기, 꼬막 다진 대파 다진 마늘 간장 레몬즙 고춧가루 참기름 매실 액기스 볶음깨 후춧가루 톡톡톡
양배추쌈,삶기, 양배추 된장 고추장 으깬두부 들기름 청양고추 다진파 다진마늘 깨소금 물엿 
계란삶는법,삶기, 계란 소금 식초 
문어삶는법,삶기, 문어 양파 초고추장 와사비 간장 
계란감자샌드위치,삶기, 식빵 오이 햄 피클 양파 계란 당근 감자 마요네즈 머스타드 설탕 소금 
감자샐러드샌드위치,삶기, 모닝롤빵 감자 캔옥수수 건크렌베리 슬라이스치즈 마요네즈 홀그레인머스터드 천일염 통후추 파슬리 버터 
어만두,삶기, 갈칫살 다진마늘 다진파 날치알 부추 햄 다진생강 소금 후추 설탕 참기름 만두피
감동란,삶기, 달걀 삶을 때 물 꽃소금 식초 절일 때 물 꽃소금 
김치말이국수,삶기, 냉면육수 김치국물 매실청 식초 김치 설탕 참기름 두부 깨 땅콩 조미김 
삼겹살보쌈,삶기, 삼겹살 간장 막걸리 후추 김치 쌈채소 마늘 양파 고추등데코용채소 
수육,삶기, 삼겹살 통마늘 월계수잎 양파 대파 소주 된장
렌틸콩콩국수,삶기, 렌틸콩 땅콩 물 오이 소면 소금
삼겹살보쌈,삶기, 삽겹살 물 된장 대파 다진마늘 생강 커피 청주 소금 새우젓 
감동란,삶기, 계란 물 넉넉히 소금 식초 
수란,삶기, 달걀 식초 소금 
골뱅이소면,삶기, 소면 골뱅이 쌈채소 고추 깨소금 양파 고추장 김치 설탕 간장 참기름 고춧가루 식초 
감자샐러드,삶기, 감자 계란 당근 오이 맛살 캔 완두콩 피클 마요네즈 소금 후추 딜 허브 
감자샌드위치,삶기, 식빵 슬라이스치즈 햄 오이 양파 달걀 마요네즈 소금 후춧가루
국수,삶기, 렌틸콩 땅콩 물 오이 소면 소금 
스터프드에그,삶기, 삶은계란 양파 당근 햄 크래미 피클 마요네즈 머스타드소스
소고기수육,삶기, 소고기 월계수잎 대파 통마늘 후추 부추 팽이버섯 된장 청주 소스 다진마늘 다진파 생강가루 소고기육수 진간장 설탕 겨자 
수육,삶기,돼지고기 양파 사과 된장 후추 월계수잎
동파육,삶기, 돼지고기 통삼겹살 물 간장 굴소스 설탕 마늘 통후추 생강편 대파흰부분 팔각 치킨파우더 참기름 녹말물 이상 청경채 원하는 만큼
퀴노아,삶기, 퀴노아 토마토 양파 옥수수 피망 올리브오일 식초 칠리소스 소금 후추가루 빵 
돼지족발,삶기,와 돼지 미니족 앞다리 뒷다리 진간장 커피 감초 양파 생강 대파 칡뿌리 황기 건대추 
냉면,삶기, 냉면 계란 씨뺀 오이 무우 절임 식초 설탕 올리고당 볶은굵은다시마소금 육수 볶은굵은 다시마소금 식초 설탕 올리고당 맛간장 
양배추,삶기, 양배추 밥 미나리 쌈장 
콩국수,삶기, 메주콩
수육삶기,삶기,돼지고기기름 있는 부위 생강 편 대파 흰부분 월계수잎 통마늘 
문어손질,삶기, 문어 양파 대파 천일염 통마늘 월계수잎 
동치미국수,삶기, 동치미 국수 계란 육수 동치미국물 설탕 식초 메실청 연겨자
콩국수,삶기, 백태 생수 소면 소금 오이 토마토
크림치즈감자샐러드,삶기, 감자 중간크기 양파 다진거 당근 다진거 스위트콘 크림치즈 소금 머스타드소스 
감자샐러드,삶기,주메뉴 감자 사라다부 달걀 오이 양파 사과 소금 연유 흰후추 버터 마요네즈 
냉콩국수,삶기, 국수 콩 참깨 소금 오이 삶은달걀 
매쉬드포테이토,삶기, 감자 시금치페스토 소금 후추 양배추 양파 식초 소금 파인애플 발사믹크림 
양배추카레밥말이,삶기, 쌀 양배추 계란 사각어묵 단무지 깻잎 당근 카레가루 김 식초 소금 기름 참기름 
두부콩국수,삶기,두부 물두부용기 기준 땅콩버터 볶은깨 소금 설탕 
돼지고기수육,삶기,돼지고기상추청양고추양파대파 돼지고기 상추 청양고추 양파 대파 된장월계수잎통마늘녹차티백커피강황통후추정종굵은소금 된장 월계수잎 통마늘 녹차 티백 커피믹스커피 강황 통후추 정종 굵은소금 생강 
팥삶기,삶기, 물린 팥 소금 설탕 
마늘보쌈,삶기, 돼지고기 보쌈용 씻은김치 된장 통후추 커피 생강 마늘 올리브유 설탕 간장 식초 올리고당 참기름 
참외물회국수,삶기, 국수 참외 양파 당근 오이 쌈채소 물회육수 생수 고추장 매실청 다진마늘 식초 양파와 참외갈은즙 올리고당 황설탕 사이다 소금 참기름 깨 
감자삶기,삶기, 감자 설탕 소금 
소고기수육,삶기,수육 소사태 양파 월계수잎 대파 흰부분 마늘 생강 부추무침 부추 양파 다진마늘 고춧가루 간장 매실청 참기름 통 깨 간것 
소세지꽃주먹밥,삶기, 통통소세지 양파 당근 애호박 밥 소금 참기름 
메밀막국수,삶기, 메밀국수 오이 당근 상추 김 콩가루 고추장 식초 레몬즙 꿀 매실액 초고추장 다진마늘 통깨 
메밀소바,삶기,메밀소바 만들기 메밀국수 메밀소바소스 오이 김 얼음 많이 달걀 소금 마늘 
오이소박이국수,삶기, 오이소박이 냉면육수 소면 소금간
달걀삶기,삶기, 달걀 소금 식초 
파프리카콩국수,삶기, 매주콩 땅콩잼 파프리카 오이 소금 소면
감동란,삶기, 소금 식초 계란
감자샐러드,삶기,감자 샐러드 감자 계란 소금 마요네즈 설탕 당근 피망 옥수수 양파 
감자샐러드,삶기,삶은감자 삶은달걀 오이 크래미 파프리카 마요네즈 식빵 소금
다슬기삶는법,삶기, 다슬기 소금 
보쌈,삶기, 수육용고기 겉절이용배추 양파 파 알커피 장군차 다진마늘 소금 설탕 
죽순손질,삶기, 죽순
계란삶는법,삶기, 계란 소금 
감자삶는법,삶기,감자 꽃소금 설탕 물 감자가 반정도잠길만큼
율무팥밥,삶기, 율무 팥
칡냉면,삶기,칡냉면 칡냉면 오이 시판육수 깨소금 식초 기호대로 계란 소금 겨자소스 겨자분말 미지근한물 무초절임 여러번 먹을 분량 무 소금 설탕 식초 
머위대손질,삶기, 머위대 
달걀감자샐러드,삶기, 감자 당근 오이 마요네즈 후추 소금 설탕 계란 
수박냉면,삶기, 냉면면발 육수 수박즙 계란 오이 무절임 겨자 식초 
두부콩국수,삶기, 국수 두부 땅콩버터 오이 당근 소금 
방울토마토마리네이드,삶기, 양파 방울토마토 올리브오일 발사믹식초 설탕 레몬즙 후추 파슬리가루 
콩국수,삶기,콩국수만들기 대두콩 소금 깨소금 검정깨 오이 계란 
병아리콩두부샐러드,삶기, 두부 샐러드용 야채 병아리콩 샐러드드레싱 간장 물 설탕 참기름 마늘 깨소금 
콩국수,삶기, 오이 국수면 두부 두부 땅콩버터 물 설탕 소금 깨 
미니족발,삶기, 미니족발 파뿌리 마늘 통후추 소주 월계수 우유 커피믹스 된장 간장 흑설탕 맛술 매실 카라멜 올리고당 쌀뜨물 
메밀콩국수,삶기, 콩국수용콩가루 메밀생면 오이 삶은계란
돼지수육,삶기, 돼지 삼겹살 흑두부 마늘 청양고추 삶을때 넣는 양파 다진 생강 강황가루 된장 커피 맛술 마늘 
삶은감자,삶기, 감자 물 감자가잠길만큼 소금 
누네띠네,삶기,파이지 박력분 강력분 차가운버터 차가운물 소금 토핑 계란흰자 슈가파우더 레몬즙 쨈종류딸기포도사과살구미로와가능 
매쉬드포테이토,삶기, 감자 우유 버터 소금 후추가루 
감자샐러드,삶기, 감자 양파 오이 계란 당근 햄 마요네즈 설탕 후추 소금
두부콩국수,삶기, 우유 두부 잣 아마씨 소면 오이 실키란 방울토마토 소금 
팥삶기,삶기,팥빙수 팥 만들기 팥 설탕 소금 
감자샐러드샌드위치,삶기, 감자 중간 사이즈 오이 양파 중간 사이즈 계란 크래미 슬라이스 피클 건 블루베리 바게트 로메인 삶은계란 소금 감자샐러드소스 마요네즈 플레인요구르트 레몬청 머스타드 후춧가루 우유 
열무국수,삶기, 열무김치 소면 계란 기름 열무국수 육수 열무김치국물 생수 석류식초 사과식초 황설탕 매실주스 연겨자 깨 
감자삶는법,삶기, 감자 소금 설탕 물
옥수수찌기,삶기, 옥수수 물 소금 
깨찰빵,삶기, 깨찰빵 감자 양파 소금 흰후추 버터 우유 체다치즈 데친베이컨 
감자샐러드,삶기, 감자 햄 파프리카 빨간색 파프리카 노란색 오이 피망 베이컨 옥수수 통조림 소금 후추 머스타드 홀그레인머스타드 마요네즈 연유 연유가 없는 분 우유 물엿 
메밀소바,삶기, 메밀면 오이 쪽파 방울토마토 고추냉이 김 무 소스쯔유생수
감자삶는법,삶기, 감자 소금
감자삶기,삶기, 감자 신문지넓대대한거 
양배추쌈,삶기, 양배추 물 쌈장 
감자에그샌드위치,삶기, 모닝빵 감자 달갈 오이 마요네즈 소금 후추가루 
돼지고기수육,삶기, 수육용고기 대파 양파 생강 마늘 통후추 커피 된장 부추무침 부추 고추가루 간장 설탕 식초 매실액 다진마늘 참기름 깨 새우젓 새우젓 고추가루 매실액 설탕 다진파 다진마늘 다진청양고추
메밀소바,삶기, 간장 멸치액젓 설탕 메밀면 가쓰오부시 다시마 멸치 무 표고버섯 쪽파
감자샐러드샌드위치,삶기, 감자 계란 맛살 작은거 상추 모닝빵 브로콜리 마요네즈 소금 후추가루 
알감자샐러드,삶기, 알감자 약 베이컨 영양부추 통마늘 소금 후춧가루 양파드레싱 다진양파 마요네즈 설탕 소금 레몬즙 
옥수수삶는법,삶기, 옥수수 설탕 소금 물
옥수수삶는법,삶기, 옥수수 물 설탕 소금 
감자삶는법,삶기, 감자 중간사이즈 소금 물 
메밀소바,삶기, 메밀면 다시마 천연조미료 맛간장 매실액 무즙 다진파 김
계란삶는법,삶기, 달걀 소금 식초
감자샌드위치,삶기, 감자 당근 오이 소시지 양파 소금 설탕 후추가루 톡톡 마요네즈 식빵 
서리태콩국수,삶기, 서리태콩 소면 오이달걀 방울토마토 햄프씨드 소금
감자삶는법,삶기, 감자 소금 설탕
만두,삶기, 냉동만두 양파 청양고추 홍고추 소스 진간장 레몬주스 설탕 맛술 
콩국수,삶기,콩물 불린서리태 볶은땅콩아몬드 볶은통깨 물 굵은소금 콩국수 오이 중면 오이지무침 스라이스오이지 쫑썬대파 다진마늘 오이지 고추가루 설탕 통깨 천연가루 식초 쬐끔
고구마땅콩볼,삶기, 흙애서콩고물가루 땅콩가루 기호대로 고구마 여러개 소금 
수육,삶기, 수육용 돼지고기삼겹살 목살 양파 대파 통마늘 통후추 월계수잎 큰거 인스턴트커피 된장 크게 
보쌈삶는법,삶기,보쌈 삶는법 돼지고기목살 된장 양파 마늘 맛술 소주컵 월계수잎 생강 작은것 대파 후추 양파소스만드는법 양파 마늘 올리고당 레몬식초 설탕 소금 검정깨 마늘장아찌 
돼지목살수육,삶기, 목살 통마늘 대파 양파 통후추 월계수잎 로즈마리 레몬그라스 파채 파채 고추장 식초 참기름 다진마늘 설탕매실액 계란노른자
김치말이국수,삶기, 냉면육수 김치국물 국수 다진김치 깨소금 찐달걀청양고추
쑥갓수육,삶기, 돼지고기오겹살 대파 통마늘 쑥갓 내 된장 
문어손질,삶기, 문어 한마리 된장 맛술 소주컵 문어손질 밀가루 종이컵 굵은소금 종이컵 
양배추삶는법,삶기, 양배추 물 베이킹소다
찰옥수수,삶기,찰옥수수 삶기 옥수수 소금 뉴슈가 물 옥수수잠기게붓기
두유콩국수,삶기, 죽제조기 병아리콩 또는 백태 물 쫄면 천일염 오이 계란 검은깨 
콩국수,삶기, 백태 국수생면 땅콩 깨소금 물 얼음 고명 오이 수박 토마토
토마토국수,삶기, 토마토주스 비빔국수용오이무침 마시는 식초 양조간장 소면 참외 비빔국수장이 없을 경우 고춧가루 고추장 양조간장 다진마늘 다진파 식초 설탕 깨소금
보쌈삶기,삶기, 돼지고기 삼겹살 수육용 월계수잎 양파 생강 마늘 대파 흰 부분 통후추 로즈마리 허브 청주 물 간장조림 간장 고추기름 맛술 생강 설탕 부추무침 부추 간장 식초 설탕 고춧가루 참기름 깨소금 다진마늘 
깻잎페스토감자샐러드,삶기, 감자 완두콩 달걀 소금 올리브유 약 깻잎페스토 깻잎 약 호두혹은 잣 등 견과류 파마산치즈 마늘 올리브유 소금 후추 
팥삶기,삶기, 팥
평양냉면,삶기, 상추 메밀면 육수 무우쌈 오이 계란 고추장 고춧가루 사이다 매실액 설탕 통깨 
두부콩국수,삶기, 생두부 생수 얼음 견과류깨 소면 오이 사과 삶은계란
동치미국수,삶기, 동치미 계란 소면 크기 소금 
옥수수삶는법,삶기, 초당옥수수 소금 물 
두부콩국수,삶기, 두부 땅콩버터 소금 설탕 통깨 물 소면 동전크기
옥수수삶는법,삶기, 옥수수 설탕 소금 물 
열무김치국수,삶기, 열무김치 소면 매실액 설탕 식초 얼음
콩국수,삶기, 칼국수 흑태 오이 토마토 통깨 소금 설탕
콩국수,삶기, 콩국가루 당근 오이 생수 소금 참깨 잣 
감자샐러드,삶기, 감자 삶은달걀 당근 오이 햄 마요네즈 꿀 후추 소금
앤초비수육말이,삶기, 소고기 파프리카 오이 앤초비 사과
수수팥단지,삶기, 갈은수수가루 찹쌀가루 팥 설탕 소금 
토마토카스파초,삶기, 소면 토마토 카스파초
냉우동,삶기,냉우동 우동사리 물 쯔유 김 
수육삶는법,삶기, 돼지고기앞다리살 굴소스 청주 후추 된장 인스턴트커피 더덕즙 파 파뿌리 생강가루 
감자샐러드,삶기,찐감자 감자 작은 것 소금 설탕 감자붕생이 감자큰것 소금 설탕 베이킹파우더 감자전분 감자샐러드 찐감자 설탕 마요네즈 단호박 샐러드 단호박 설탕 마요네즈 건조크랜베리 
닭백숙,삶기, 삼계닭 황기 대추 통마늘 
메밀소바,삶기, 메밀면 무 대파 구운김 소스 멸치육수다시마육수천연조미료육수 맛간장진간장 연겨자 설탕 맛술 
옥수수삶는법,삶기, 옥수수 소금 설탕 물
달걀삶는법,삶기, 달걀 
콩국수,삶기,콩국수 콩국물 두부 약 물 설탕 소금 땅콩버터 참깨 면 삶기 소면 동전크기 찬물 고명 오이 반 개
들기름막국수,삶기, 메밀국수 국간장 맛간장또는 양조간장 들기름 구이김 깨소금 
부추무침수육,삶기, 양지머리 부추 방울토마토 간장 깨소금 참기름 양파 파 마늘
앞다리살수육,삶기, 돼지고기 앞다리살 대파 양파 통마늘 된장 소주 설탕 월계수잎 
마늘보쌈,삶기,필수 통삼겹살 대파 통후추 통마늘 편생강 월계수잎 양파 청주 물 소스 올리브유 다진마늘 올리고당 설탕 간장 식초 선택 명이나물 새우젓 쌈장 
고구마샐러드,삶기, 고구마 설탕 맛소금 후추 마요네즈 머스터드 
냉우동,삶기, 인스턴트우동 식초 고명용파 김
양배추삶는법,삶기, 양배추 물 
초계국수,삶기, 닭 소면 오이 달걀 소금 식초 연겨자 닭삶는 통마늘 대파 청주 닭고기 다진마늘 소금 후춧가루
닭가슴살양배추롤쌈,삶기, 양배추 닭가슴살 노랑파프리카 빨강파프리카 양파 당근 상추 자두 복숭아청또는 다른과일청 포도식포또는 일반식초 설탕 후추 매실된장 천연가루 고추가루 
감자샐러드샌드위치,삶기, 모닝빵 감자 계란 맛살 베이비 피클 소금 후추가루 마요네즈 
콩국수,삶기, 및 두부 물 소금 설탕 땅콩버터 깨소금 
동파육,삶기, 통 삼겹살 고기 삶는 물 물 된장 커피가루 대파 마늘 다진생강 통후추 동파육 조림소스 물 청주 맛술 간장 굴소스 설탕 다진생강 
감자샐러드샌드위치,삶기, 감자 주먹크기 계란 오이 게맛살 햄 설탕 마요네즈 소금 식빵 
수육삶기,삶기, 돼지사태 집된장 양파 생강 통마늘 커피 통후추 월계수잎 대파 
땅콩삶기,삶기, 생땅콩
단호박샐러드,삶기, 단호박 건포도 꿀 요거트 준비물 찜기 
후무스,삶기, 병아리콩 참깨 올리브유 레몬즙레몬주스 다진마늘 소금 
아지타마고,삶기, 달걀 간장 맛술 채썬 양파 저민 마늘 
돼지고기수육보쌈,삶기,돼지고기 보쌈 돼지고기 오겹살 돼지고기 목살 된장 소주 대파 마늘 생강 월계수잎 대추 
데블드에그,삶기, 계란 햄 빨강파프리카 노랑파프리카 피망 양파 사과 머스터드 마요네즈 후추 
땅콩삶기,삶기, 피땅콩 물 
꼬막삶는법,삶기, 꼬막 간장 맛술 참치액 고춧가루 통깨 참기름 홍고추 쪽파 
수육삶는법,삶기, 돼지고기 뒷다리 양파 무 붉은 고추 다시마 물 굵은 소금 
마카로니맥앤치즈,삶기, 마카로니 올리브오일 소금 크림소스 피자치즈 파마산치즈 슬라이스치즈 소금 후추 크림소스 버터 밀가루 우유 
단호박에그샌드위치,삶기, 단호박 부시맨빵 삶은 계란 견과류 단호박 샐러드 크림치즈 꿀 소금 
땅콩삶는법,삶기, 땅콩 천일염 
아지타마고,삶기, 반숙계란 간장 미림 물 설탕 다시마 양파 페페론치노 
뇨끼,삶기,뇨끼반죽 으깬감자 중력분 계란 노른자 파마산 치즈가루 넛맥 파우더 소금 덧밀가루 로제소스 토마토 양파 올리브오일 마늘 토마토페이스트 동물성생크림 로즈마리 이탈리안 시즈닝 까나리액젓 소금 후추 페페론치노 취향껏 파르미지아노레지아노 건파슬리 
땅콩삶는법,삶기, 생땅콩 천일염
단호박샐러드,삶기, 단호박 아몬스슬라이스 플레인요거트 생크림 꿀 
시래기삶는법,삶기, 무청 소금
돼지고기수육,삶기, 돼지고기앞다리살 감초 생강 흑마늘 된장 말린사과 말린대파 미림 말린 홍고추 새우젓 된장
소세지핫도그,삶기, 닭가슴살소세지 샐러드용 양상추 핫도그번 스위트콘 머스타드소스 칠리소스 
간장수육,삶기, 돼지고기삼겹살 간장 콜라 청주 마늘 생강 홍고추 백김치
콩국수,삶기, 두부 물 땅콩버터 깨 설탕 토마토 소면 믹서기 
면삶기,삶기, 스파게티면 칼국수면 소면 물 소금
삼겹살수육,삶기, 삼겹살 통마늘 통후추 청주 
표고버섯강정,삶기, 표고버섯 해바라기씨 호두 아몬드 슬라이스아몬드 간장 미림 올리고당 전분가루 식용유 참기름 
피꼬막,삶기, 꼬막 간장 설탕 고춧가루 양파 파 통깨 참기름 
감동란,삶기,달걀 숙성 달걀 소금 물 달걀 삶기 물 소금 식초 
가래떡,삶기, 가래떡 견과류 초콜릿 꿀 김 
돼지고기김치만두,삶기, 돼지고기갈은것 김치 두부 계란 파 왕만두피 밀가루 숙주나물 당면 다진마늘 후춧가루 맛술 간장 다시다 육수 국물용멸치 닭육수
고구마삶기,삶기, 고구마 물 다시마 
단호박샐러드,삶기, 단호박 땅콩 건포도 콩 마요네즈 질지않을정도로 올리고당 입맞에맞게
소면,삶기, 소면 후랑크소세지 
카레국수,삶기, 카레 소면 
생크림고구마샐러드,삶기, 삶은 고구마 건크랜베리 생크림 
수육,삶기, 수육용 삼겹살 굴소스 후추 파 마늘 된장 생강 작은 것 월계수잎 
양념꼬막삶는법,삶기, 피꼬막 간장 고춧가루 파 마늘 참기름 통깨 맛술 소금 
보쌈삶는법,삶기,생생정보통보쌈레시피 앞다리 사태살 물 무 양파 대파 마늘 생강 통후추 감초 월계수잎 된장 굵은소금 소주 찬물 굵은소금 보쌈삶는법약식 삼겹수육용 물 무 양파 대파 마늘 통생강 된장 새우젓 소주 찬물 굵은소금 
피꼬막삶는법,삶기,기본 피꼬막 청주 장 진간장 꼬막육수 식초 매실액 청고추 홍고추 다진마늘 다진파 통깨 참기름 
홍삼오향장육,삶기, 돼지고기앞다리살 대파 삶는 파 양파 통마늘 생강 계피 대추씨 된장 국간장 커피 조림장 물 계피가루 청양고추 대추 홍삼분말 간장 올리고당 홍초 다진마늘 생강가루 
삼겹살수육,삶기,필수 통삼겹 월계수잎 소주 물 선택 김치 새우젓 편마늘 고추 쌈채소
감자샐러드,삶기,감자샐러드 감자 삶은 달걀 오이 양파 통조림 옥수수 마요네즈 후추 소금 감자샐러드 샌드위치 식빵 마요네즈 
돼지고기보쌈,삶기, 돼지 앞다리살 물 대파 양파 생마늘 된장 
고구마말랭이,삶기, 싹난 고구마 다시마 조각 
보쌈삶는법,삶기,보쌈 돼지고기 된장 대파 통마늘 생강 커피 소주 월계수잎 물 고기잠길정도
수육삶는법,삶기, 돼지고기 오겹살과 삼겹살 앞다리살 굴소스 청주 소주 후추 된장 인스턴트커피 한방즙 대파 양파 생강가루 
수육,삶기, 돼지앞다리 마늘 생강 통후추 월계수 된장 물 
아지타마고,삶기,일본식 계란장조림 포프리 계란 간장 황설탕 흑설탕 식초 땡초 소금 다시마육수 물 다시마 
돼지고기수육,삶기, 돼지고기 파 통후추 생강 된장 청주 월계수잎 물 
수육삶기,삶기, 목살삼겹살 무 양파 대파 파뿌리 월계수잎 생강 커피가루 
돼지고기수육,삶기, 돼지고기삼겹살 양파 대파 통후추 로즈마리 된장 커피 
시래기삶는법,삶기, 말린 시래기 정도
삼겹살수육,삶기, 돼지고기삼겹살 돼지고기삶을때 물 된장 양조간장 무 다진마늘 대파 월계수잎 대추 황기 생강슬라이스 
팥인절미,삶기, 팥 설탕 인절미덩어리 팥삶을때 설탕 소금 
에그샌드위치,삶기, 계란 크래미 슬라이스햄 치즈 양파 피클 올리브 마요네즈 머스타드소스 소금 후추 오이 빵 
한방수육,삶기,필수 삼겹살 양파 대파 쌍화탕 맛술 간장 물 
통삼겹살수육,삶기, 통 삼겹살 된장 술 청주 양파 마늘 생강마늘 크기 대파 월계수잎 통후추 통 삼겹살이 잠길 만큼의 물
꼬막삶는법,삶기, 꼬막 굵은소금 달래장 진간장 생수 다진마늘 다진파 고춧가루 참기름 깨 달래 
시래기밥,삶기, 국간장 들기름 쌀콩 황태 육수 달래간장 달래 맛간장 국간장 생사과즙 고춧가루 깨소금 들기름 참기름 
마카로니샐러드,삶기,필수 마카로니 양파 피망 빨강 파프리카 스팸 냉장고의 자투리 채소 활용 소금 후추 설탕 마요네즈 
청국장,삶기, 메주콩 청국장가루 소금 마늘 고춧가루
파스타샐러드,삶기, 후실리 양파 오이 피망 방울토마토 올리브 살라미햄 또는 베이컨 이탈리안 드레싱 
등갈비바베큐폭립,삶기, 등갈비 월계수잎 대파 통마늘 된장 소스 바베큐소스 진간장 올리고당 맛술 케첩 다진마늘 후추 파슬리 
팥삶기,삶기, 팥 물 
감자샐러드,삶기, 감자 햄 당근 양파 계란 마요네즈 죽염 후추
수육,삶기, 아롱사태 양파 무 다시마 부추 
통삼겹살수육,삶기,계량스푼 기준 통삼겹살 양파 대파 마늘 편썰기한 생강 청양고추 미소된장 통후추 청주 
수육삶는법,삶기,넉넉한 통돼지목살 사과 양파 큰거 통마늘 약 수육특제소스 새우젓 레몬즙 올리고당 다진마늘 다진청홍고추 
식빵고구마케익,삶기, 식빵 삶은 고구마 大 생크림 꿀 올리고당 큰 
김치국수,삶기, 소면 육수 김치 계란 당근 참기름 깨 김 밑국물 간장 굵은 소금 가는 소금 맛술 매실청 후추 밑국물 황태머리 멸치 다시마 무 양파 표고버섯 기둥 
고구마크림치즈케이크,삶기, 삶은 고구마 크림치즈 꿀 큰 카카오가루
족발삶기,삶기, 돼지족발미니족 절단 된걸로 다리 간장 종이컵 흙설탕 종이컵 콜라 월계수잎 소주 종이컵 마늘 생강 엄지손가락만큼 백숙삶을때 넣는 한방 
시금치,삶기, 시금치 
돼지고기수육,삶기, 삼겹살수육 두유 월계수잎 원두커피티백 된장 파뿌리 통후추 쌀뜨물 
체리꼬치,삶기, 체리 메추리알 키위 소금 식초 
참나물알리오올리오,삶기, 파스타 참나물 다진마늘 마늘 올리브오일 굴소스 소금후추 모자란간만큼 굵은소금면삶을 때 파마산치즈가루 선택
소라손질,삶기, 소라 먹을만큼
고사리손질,삶기, 고사리 물 
봄동달래국수,삶기, 간장 다시마 멸치육수 올리고당 매실청 고추가루 참기름 통깨 쏭쏭 썬 달래 손바닥 크기 봄동 소면 다시마 멸치육수 
등갈비바베큐폭립,삶기,등갈비 삶기 등갈비 된장 큰 술 생강 대파 양파 후추 톡톡 미림 또는 소주 바베큐 폭립 소스 돈가스 소스 스테이크 소스 케찹 물엿 간장 다진 마늘 후추 톡톡 미림 
꼬막삶는법,삶기, 꼬막 불린쌀 된장 다진마늘 양파 표고버섯 우유 육수 파마산치즈 올리브유 파슬리가루 후추 
딸기피자,삶기, 피자 도우 모차렐라치즈 여린잎채소 딸기 아몬드 크림치즈 연유
전복삶는법,삶기, 전복 먹을만큼
피조개손질,삶기, 피조개 소금 물 소주 
파국수,삶기, 쪽파 간장 다시마멸치육수 매실청 참기름 통깨 가늘고 여린 쪽파 소면 다시마 멸치 육수 
쟁반국수,삶기,쟁반국수 냉면 달걀 양배추 오이 땅콩 쟁반국수 소스 고운고춧가루 고추장 설탕 물엿 식초 레몬즙 진간장 참기름 사과 마늘 
돼지고기수육,삶기, 돼지고기목살 굴소스 청주 통마늘 월계수잎
콩나물밥,삶기, 콩나물 쌀 쪽파 간장 고춧가루 마늘 설탕 깨소금 참기름 매실액 소주 
계란샐러드,삶기, 삶은계란 당근 선택 달래 맛간장 식초 매실청 들기름 
소면삶기,삶기, 소면 
땅콩삶는법,삶기, 땅콩 먹을만큼
홍합손질,삶기, 홍합 먹을만큼
김치말이국수,삶기, 소면 동전만한 크기로 계란 시판 냉면육수 김치국물 송송 썬 김치 오이 설탕 식초 들기름 참깨 
팥삶기,삶기,팥 삶을 팥 필요한만큼 소금 물 설탕 선택
양배추쌈,삶기, 양배추 땡초 대파 간장 물 다진마늘 고춧가루 설탕 참기름 
감자샐러드,삶기, 감자 파프리카 색깔별로 당근 오이 설탕 마요네즈 
수육,삶기,수육 삼겹살 목살 월계수잎 통마늘 대파 통후추 양파 청주 청국장찌개 냉이된장찌개 청국장 냉이 양파 다진마늘 대파 건표고버섯 천연조미료 
돼지불고기,삶기,돼지 불고기 돼지고기 다진마늘 대파 다진생강 깻잎 진간장 설탕 맛술 청주 참기름 후춧가루 
우럭탕수,삶기,필수 우럭 양파 홍피망 청피망 당근 통조림 파인애플 소금 후추 맛술 녹말 식초 설탕 간장 물 녹말 물 
수육삶는법,삶기, 앞다리살 소금 후추 소주 쌀뜨물 파 양파 마늘 월계수잎 풋고추 된장 커피가루
감자샐러드,삶기, 감자 파프리카 양파 당근 소금 후추 마요네즈 꿀 
삼겹살수육,삶기, 통삼겹살 대파 마늘 말린양파껍질 생강 정향 월계수잎 된장 
소고기수육,삶기, 소고기양지 대파 파뿌리 표고버섯꽁지 청주 월계수잎 통마늘 통후추 소금 후추 팽이버섯 쑥갓
다슬기삶는법,삶기, 다슬기 물
백숙,삶기, 삼계탕용 닭 양파 대파 황기 통마늘 수삼 말린표고버섯 대추 
골뱅이삶는법,삶기, 골뱅이 먹을만큼 물 소주 
강된장양배추쌈,삶기,강된장 새송이버섯 청양고추 양파 다진마늘 고춧가루 고추장 된장 물 참기름 
초계면,삶기, 길이의 오이 삶은 국수 닭가슴살 캔 계란 시판용 냉면육수 닭가슴살 국간장 다진 마늘 후추 연겨자 
감자삶는법,삶기,필수 감자 먹을만큼 물 소금 설탕 
문어삶는법,삶기, 무우 녹차 소주 
수육,삶기, 브로콜리 파프리카 양파 수육 아삭이고추 마늘 스리랏차 생간 간장 없으면 맛간장으로 녹말물 참기름 후춧가루 
문어삶는법,삶기, 문어 청주 식초 무 
냉면,삶기,수란만들기 계란 식초 물 냉면 냉면육수 쌀면 오이 소고기 김치 
삼겹살간장수육,삶기, 삼겹살 향신채소 양파 대파 통마늘 통후추 월계수잎 조림할때 맥주 물 간장 
감자삶기,삶기, 감자 설탕 소금 물 냄비
물냉면,삶기, 홈냉면 시판 냉면 육수 물 얼음 고명 채 썬 오이 삶은 계란 채 썬 쌈무 선택 떡갈비 먹을만큼 식초 
돼지고기수육,삶기, 돼지고기 소주 대파 파 뿌리 통후추 월계수잎 된장 듬뿍 양파 
양배추삶는법,삶기, 양배추 식초
돼지고기수육,삶기, 보쌈만들기 돼지고기삼겹살 돼지고기앞다리살 된장 커피 월계수잎 대파 마늘 생강 손톱크기정도 물 고기가잠기게
감자샐러드,삶기, 감자 계란 햄 게맛살 옥수수캔 당근 피클 취향에맞게 오이 취향에맞게 마요네즈 소금 올리고당설탕 후추가루
우유콩국수,삶기, 두부 소면 오이 우유 땅콩버터 참깨 검은깨 소금 
감자삶는법,삶기,감자 삶는 감자 소금 물 
차슈덮밥,삶기, 돼지고기 깻잎 양파 소스만들기 물 맛술 대파 생강 다진마늘 
고사리,삶기, 건고사리 소금
메밀소바,삶기, 레토르트냉모밀 무 구운김 
냉국수,삶기, 중면 멸치육수천연조미료육수 냉면육수 단무지 김가루 통깨 
계란오이샌드위치,삶기, 계란 오이 소금 식빵 마요네즈 연겨자 후추 톡톡
새우샐러드,삶기, 새우 믹스야채 아몬드 작은 맛술 시판용 오리엔탈소스 
닭가슴살삶는법,삶기, 닭가슴살 대파 양파 통마늘 청주 월계수잎 
양배추삶는법,삶기, 양배추 먹을만큼
자루소바,삶기, 소바용 면 쯔유 물 얼음 무 레몬즙 송송 썬 대파혹은 쪽파 생와사비 잘게 썬 김 
오이지국수,삶기, 오이지물김치 냉면육수 달걀 상추 쫄면소면 
옥수수삶기,삶기, 옥수수 물 소금 설탕
감자샐러드,삶기, 찐감자 당근 오이 설탕 소금 찐계란 마요네즈 허니머스터드 
계란초,삶기, 계란 오이 당근 초고추장 통깨 
메밀국수,삶기, 메밀국수 무 쪽파 김 와사비 간장 멸치육수 설탕
감자샐러드,삶기, 감자 당근 오이 양파 계란 소금 후추 마요네즈 모닝빵
콩국수,삶기, 두부 우유 견과류 굵은소금 우무묵채 쫄면 
콩국수,삶기, 두부 우유 견과류 굵은소금 쫄면 우무묵채
양파밥,삶기, 불린쌀 양파 버섯 들기름 소금 장 간장 맛술 다진마늘 참기름 통깨 다진 부추 
마카로니콘샐러드,삶기, 마카로니 통조림콘 피클 마요네즈 먹을만큼 소금 설탕 후추 식초 올리브유 
감자삶는법,삶기, 감자 물 소금 설탕 
두부콩국수,삶기, 두부 물 두부팩 가득채워 약 땅콩버터 설탕 소금 통깨 소면 채 썬 오이 
콩국수,삶기, 불린 국산 백태 메주콩 토판염 천일염 취향껏 메밀면 소면으로 대체 가능 성인남자 오이지 오이로 대체가능 흑임자 없어도 무방 
마국수,삶기, 오이소박이 동치미 국물 송엽청 매실식초 국수 
병아리콩국수,삶기, 불린 병아리콩 오이 토판염 천일염 취향껏 소면 흑임자 없어도 무방 
김치말이국수,삶기, 소면 시판 냉면육수 김치 김치국물 삶은계란 오이 파프리카 설탕 참기름 
콩보관,삶기,햇 콩 보관법 햇콩 소금
감자샐러드,삶기, 감자 달걀 마요네즈 듬뿍 마스카포네치즈 연유 흰후추 파슬리가루 볶은천일염 삶은완두콩 
옥수수삶는법,삶기, 햇옥수수 굵은소금 크게 뉴슈가 
열무김치국수,삶기,육수 식초 매실액 설탕 국간장 깨소금 김치국물 다시육수 무 멸치 다시마 열무김치 고춧가루 설탕 식초 부 삶은계란 얼음 면 소면 
옥수수삶는법,삶기, 찰옥수수 사이다 옥수수가잠길정도 꽃소금 
오이지팥냉칼국수,삶기, 삶은 팥 관묘면 칼국수면 오이지 
쌀콩국수,삶기, 콩가루분말 쌀국수 소금 고명 생다시마 삶은계란
수육삶는법,삶기,기본 알배추 무 보쌈용돼지고기 굵은소금 뉴슈가 쪽파 무김치 생강가루 마늘 고추가루 매실청 올리고당 새우젓 통깨 배추김치 새우젓 액젓 고추가루 설탕 마늘 매실청 수육삶을때 양파 대파 통마늘 통생강 통후추 된장 커피가루 
옥수수삶는법,삶기, 옥수수 굵은소금 물 
참치스터프드에그,삶기, 참치 계란 양파 마요네즈 비트가루 레몬즙 올리고당 허브솔트 
칡냉면,삶기, 칡냉면 냉면육수 오이 달걀삶은것 얼음 깨소금 겨자 따듯한물 
콩국수,삶기, 두부 참깨잣흑임자등 잣 깨 
보쌈삶는법,삶기, 보쌈용 돼지고기 양파 마늘 말린 파뿌리 월계수잎 통후추 된장 소금 소주 맛술 생략 가능
감자삶는법,삶기, 햇감자 소금 설탕 물
족발,삶기, 도드란내가만든순살족발 당귀 계피 통후추 월계수잎 로즈마리 양파 대파 생강 청주 
옥수수삶기,삶기, 찰옥수수 물 설탕 소금 
들깨냉국수,삶기, 생들깨 소면 소금 취향껏
옥수수삶기,삶기, 옥수수 물 옥수수잠길만큼 뉴슈가 소금 
호박잎,삶기,강된장 호박 줄기 양파 청양초 대파 된장 고추장 고춧가루 콩가루 멸치육수 두부 깨소금 참기름 마늘 호박잎 쌈 호박잎 강된장 호박잎 된장국 멸치육수 호박잎 된장 붉은 고추 청양초 마늘 호박잎 쌈밥 호박잎 밥 강된장 
수육삶는법,삶기, 양파 대파흰부분 된장 커피가루 통마늘 앞다리살
거북손,삶기, 거북손 소금 초고추장 와사비
햄에그샌드위치,삶기, 달걀 햄 토마토 식빵 마요네즈 소금 식초 후추가루 
에그샌드위치,삶기, 달걀 마요네즈 식빵 소금 식초 후추가루 
동치미막국수,삶기, 메밀면 오이지 오이 동치미국물 국수용 매실엑기스 매실식초 채식조미료 
크로와상샌드위치,삶기, 삶은달걀 크림치즈 버터 베이컨구운 것 다진양파 다진피클 마요네즈 크로와상 식빵 소금 설탕 레몬주스 후추가루 
감자샐러드,삶기, 작은감자 계란 당근 양파 햄 마요네즈 후추 
콩국수,삶기, 두부 땅콩버터 깨 물 
수육보쌈,삶기,수육 아롱사태 대파 청양고추 통후추 청주 보쌈 배추김치 알배추 초절임무 두부 미나리 원하는만큼
김치말이국수,삶기, 소면 물김치 적채 채썬것 설탕 식초 다진마늘 영양부추 
감자샐러드,삶기, 감자 계란 오이 당근 옥수수통조림 마요네즈 머스타드 소금 흰후추
감자샐러드,삶기, 감자 
두부콩국수,삶기, 두부 무가당두유일반두유 저지방우유 땅콩버터 쌀국수면 곤약면메밀면도토리묵 대체가능 한줌 오이파프리카등 고명채소 소금 
돼지고기수육,삶기, 통삼겹 잡내 제거 양파 대파 월계수잎 통마늘 생강 통후추 소주 컵 파뿌리 필요 된장 커피 계량 
양배추삶는법,삶기, 양배추 
옥수수삶는법,삶기, 옥수수
콩국수,삶기, 두부 땅콩버터 소금 소면 물 두부 케이스 설탕 
감자샐러드,삶기, 감자 소금 양파 대파 마요네즈 고운고추가루 
단호박,삶기, 미니 단호박 우유 
양배추삶는법,삶기,메인 양배추 물 랩 된장 고추장 고춧가루 매실액 다진마들 
수박냉라면,삶기, 수박 초고추장 라면사리 시판냉면육수없으면 패쓰 
동치미국수,삶기, 칼국수면 동치미 천연조미료육수 
당고,삶기,꼬치 찹쌀가루 뜨거운 물 소금 설탕 핑크 식용 색소 소스 물 미림 간장 황설탕 전분물 옥수수전분 물 당고 삶을 물 찬물 많이 얼음 
감자계란사과샌드위치,삶기, 사과 감자 계란 당근 굵은소금 마요네즈 듬뿍 후춧가루 설탕 식초 
감자샐러드,삶기, 감자 중간 파프리카 브로커리 파인애플 소스 파인애플 캐슈너트 양파 중간것 레몬즙 소금 
사과쌈수육,삶기,수육 돼지고기 대파 양파 통마늘 생강 통후추 청주 월계수잎 사과쌈 사과 소금 설탕 식초 사과소스 사과 생강 레몬즙 설탕 소금 
앞다리살수육,삶기, 돼지고기앞다리살 고량주독주 월계수잎 대파휜부분 사합 콩나물 소금 고춧가루 참기름 통깨 김치 원하는만큼 두부 돼지고기수육 새우젓 고춧가루 다진마늘 
복숭아라면,삶기, 복숭아 라면 냉면육수 오징어젓 청양고추 
열무국수,삶기, 국수 냉면육수 열무김치 식초 취향껏
차슈덮밥,삶기, 통 삼겹살 대파 양파 깐 마늘 통후추 밥 대파채 삼겹살 밑간 소금 후추 조림장 간장 물 설탕 맛술 청주 
오향장육,삶기, 돼지고기 양파 대파 적양배추 팔각 정향 계피 통후추 생강 마늘 고기 진간장 흑설탕 올리고당 맛술 파소스 대파다진것 올리고당 식초 소금 올리브유 
감자샐러드,삶기, 감자 오이 당근 양파 마요네즈 설탕 소금 후추
감자샐러드,삶기, 감자 계란 오이 맛살 양파 당근 캔옥수수 생략가능 허니머스터드 마요네즈 
시래기삶는법,삶기, 시래기 물
마카로니참치사과샐러드,삶기, 마카로니 참치 사과 양파 마요네즈소스 마요네즈 케찹 설탕 후추 톡톡톡
오징어,삶기, 오징어 당근 청포묵 깻잎 파프리카
감자샐러드,삶기, 감자 계란 콘옥수수 당근 오이 소스 마요네즈 적정량 홀그레인 적정량 설탕 적정량 소금 적정량
달걀삶는법,삶기, 달걀 물 식초 소금
콩나물밥,삶기, 콩나물 계란후라이 가족 인원별 밥 가족 인원별 장 간장 맛술 다진마늘 고춧가루 참기름 통깨 다진파 
고구마줄기손질,삶기,고구마 줄기 데치기 소금 
돼지고기수육,삶기, 돼지고기 황기 상황버섯 더덕말린것 깻잎 양파 대파 팔각 월계수잎 된장 실파 진간장 설탕 올리고당 미림 생강 마늘 
밤삶기,삶기, 밤
밤삶기,삶기, 밤 물
밤삶는법,삶기, 밤 굵은소금 
땅콩삶는법,삶기, 땅콩 굵은소금 
밤삶는법,삶기, 밤 물
애벌레빵,삶기, 계란노른자 애호박 통밀가루 해바라기유 삶은 밤 닭고기 다진것 올리고당 
밥버거,삶기, 밥 소세지 후리가케 케찹
수육,삶기, 돼지고기 통삼겹살 편썬 생강 양파 월계수잎 
문어삶는법,삶기, 꽃문어 밀가루 양파 
달걀샐러드,삶기, 삶은달걀 양파 식초 물 소금 빨간 파프리카 노란 파프리카 하루견과 마요네즈 홀그레인머스터드 조청 허브소금 
메추리알,삶기, 메추리알 김밥 김 치즈 검은깨 노란식용색소
감자샐러드샌드위치,삶기, 감자 큰 것 삶은 계란 당근 양파 마요네즈 허니머스타드 소금 
브로컬리콩나물밥,삶기, 콩나물 브로콜리 들기름 밥 당근간장 국간장 양파청 고춧가루 당근 다진파 깨소금 참기름 
수육,삶기, 한우사태 양파 대파 월계수잎 통후추 생강가루 부추 
돼지고기수육,삶기, 돼지앞다리살수육용 작두콩껍질 청주 
문어삶는법,삶기, 돌문어 식초 굵은소금 밀가루 참기름 초고추장
수육,삶기, 배추 삽겹살 양파 파뿌리 통마늘 월계수잎 고춧가루 멸치액젓 다진마늘 올리고당 된장 커피가루 
돼지고기수육,삶기, 수육용 삼겹살 대파 흰부분 양파 통마늘 월계수잎 통후추 크기만큼 인스턴트 커피가루 된장 듬뿍 다진마늘 꿀 버터 
팥앙금,삶기, 팥 백설탕 
동파육,삶기, 삼겹살이나 사태 대파 청경채 소스 정향 통후추 팔각 월계수잎 간장 설탕 물녹말 참기름 
수육,삶기, 수육용 삼겹살 세덩어리 수육삶는 청주소주 잔파 양파 마늘 생강편 월계수잎 통후추 우엉차녹차 티백 
전복수육,삶기, 돼지삼겹살 파뿌리 통후추 생강 마늘 월계수잎 된장 커피 알배기배추 굵은소금 쌈장
삼겹살수육,삶기, 삼겹살 대파 천연향신료 통마늘 생강 후추 톡톡톡 깻잎 파뿌리 소주 된장 커피 물 
밤삶기,삶기, 밤 우유 꿀 단맛에 따라 가감 시나몬가루 톡톡
홍삼,삶기, 수삼 
굴보쌈,삶기, 돼지고기 목살 굴 무 쪽파 된장 커피 월계수잎 소금 설탕 고춧가루 액젓 매실액 다진마늘 다진생강 
소바가키,삶기, 메밀가루 양조간장 와사비 소금 
감자샐러드,삶기, 감자 중대 양파 오이지 훈제연어 파 소스 마요네즈 연겨자혹은 머스타드소스 설탕 오일 소금 레몬 향신료 큐민가루 파슬리가루 
돼지고기수육,삶기, 돼지고기 맥주 양파소스 양파 물 진간장 감식초 레몬즙 고추냉이 
돼지수육,삶기, 돼지뒷다리살 된장 통마늘 대파 통후추 김장김치
삼겹살수육,삶기,생선국 도다리 육수 무 양파 간장 대파 미나리 마늘 삼겹살 수육 삼겹살 맥주 월계수잎 배추 겉절이 절인 배추 굴 호래기 김 배 깨소금 
청국장,삶기, 매주콩 볏짚 낫토 고추가루 마늘 소금
매쉬포테이토,삶기, 감자 천일염 버터 두조각 우유 소금 
소세지빵,삶기, 또띠아 프랑크 소세지 옥수수 콘 청피망 양파 마요네즈 케찹 피자치즈 후춧가루 
돼지수육,삶기, 돼지 앞다리살 요쿠르트 커피 된장 생강술 
파스타삶는법,삶기,필수 스파게티면 소금 올리브유 
보쌈김치,삶기,보쌈김치 속배기 배추 물 소금 김치 고춧가루 멸치액젓 멸치육수 다진마늘 다진생강 설탕 채썬무 잔파 수육 통삼겹살 양파 생강 월계수잎 새우젓장 새우젓 멸치액젓 고춧가루 참기름 물 통깨 
닭손질,삶기,닭손질 닭 가위
돼지고기수육,삶기, 돼기고기 목살 굴소스 청주 월계수잎 통마늘 
동파육,삶기, 돼지고기 대파 낱개 월계수잎 마늘 후추 밥숟가락 파채 파 진간장 청주 설탕 후추가루 
우거지,삶기, 배추 물 넉넉히 소금 
돼지고기수육삶기,삶기, 앞다리살 월계수잎 된장 파뿌리 통마늘 통후추 인삼 카누커피
마늘수육,삶기, 통삼겹 양파 사과 대파 통마늘 통후추 월계수잎 된장소스 된장 청주 물 마늘소스 식용유 다진 마늘 꿀 레몬즙 
양배추삶기,삶기, 양배추 물 된장 
마늘수육,삶기, 돼지고기삼겹살 양파 작은 것 생강청 다진마늘 소주 물 
꼬막해감,삶기,꼬막장 간장 고춧가루 맛술 매실청 다진마늘 참기름 쪽파 고추 통깨 
삼겹살수육,삶기, 돼지삼겹살 냄새잡는 한약재 청양고추 무 된장 커피 소금 설탕 고춧가루 고추장 매실액 다진마늘 다진생강 다진파 
떡볶이피자,삶기, 또띠아 떡국떡 떡볶이 어묵 양파 파프리카 홍고추 씩 토마토소스 모짜렐라치즈 떡볶이 고추장 토마토케첩 스윗칠리소스 양조간장 매실액 
닭백숙,삶기, 닭가슴살 숙주 대파 토란 고사리 백숙 삶은 육수 간마늘 후추 국간장 고추가루 멸치액젓 소금 
밀크카라멜쿠키,삶기,필수 핫케이크 믹스 버터 우유 초콜릿 밀크카라멜 
스지수육,삶기, 한우스지 팽이버섯 대파 마늘 청양고추 간장 고춧가루 무 홍고추 말린표고 양파 
초코마블식빵,삶기,필수 식빵 달걀 설탕 우유 녹인 버터 판초콜릿 
감자사라다빵,삶기, 감자 중 삶은 달걀 양파 소 오이 슬라이스 햄 마요네즈 머스터드 디종 머스터드 설탕 버터 모닝빵 
동파육,삶기, 돼지고기 대파 낱개 월계수잎 마늘 어슷썰기했어요개인취향대루하셔요 후추 밥숟가락 파채 파 진간장 청주 설탕 후추가루 
감자삶는법,삶기, 감자 소금 
감자샐러드,삶기, 감자 다진양파 다진샐러리 삶은계란 다진빨강파프리카 채식마요네즈 디종머스터드 허니머스터드 사과식초 설탕 아가베시럽 소금 흰후춧가루 
양배추쌈,삶기,필수 양배추 물 쌈장 된장 고추장 고춧가루 다진 마늘 사이다 참기름 
수육,삶기, 돼지고기 수육용 양파 부추 당근 파 통후추 된장 고추가루 멸치액젓이나 간장 다진마늘 식초 설탕 매실액 
양상추샐러드,삶기,필수 양상추 올리브유 소스 굴소스 물 
콩나물삶는법,삶기,필수 콩나물 소금 
백숙,삶기, 닭볶음탕용 닭고기 마늘 대추 대파 양파 부추 느타리버섯 소금 후추 들깨 
시래기삶는법,삶기, 잘말린시래기
족발,삶기, 단족 양파 통마늘 대파 통후추 통계피 각종 한약재 한 팩 잡내 제거 물 발이 잠길 만큼 월계수잎 정향 로즈마리 타임 간장물 물 간장 청주 된장 커피가루 흑설탕 
고구마삶는법,삶기, 고구마 크기에따라달라요 물 
시래기삶는법,삶기, 건시래기 물
삼겹살수육,삶기, 수욕용삼겹살 마늘 월계수잎 통후추 파뿌리 된장 커피 무명실 소주 
고구마샐러드,삶기, 고구마 당근 브로콜리 줄기 소금 후추 우유 
돼지수육,삶기, 돼지 뒷다리살 카누 통마늘 생강 저민거 대파 대추 삼뿌리 월계수잎 된장 
감자샐러드,삶기, 감자큰거 달걀 각종야채오이당근양파파프리카등 게맛살채썬것 무순 부 마요네즈 생크림 소금 취향껏
돼지고기수육,삶기, 돼지고기 앞다리살 대파 흰부분 사과 양파 통마늘 월계수잎 된장 생강 커피가루 생강술 통후추 
맥반석계란,삶기, 계란 약 식초 소금 물 
꼬막삶는법,삶기, 벌교 꼬막 만원치 간장 종이컵 물 종이컵 간마늘 설탕이나 매실액기스 고춧가루 통깨 대파나쪽파 청양고추없으면 통과 
삼겹살간장수육,삶기, 돼지고기 루꼴라 간장 설탕 육수 육수 다시마 손바닥 크기 멸치 양파 마늘 생강 대파 뿌리 또는 줄기 또는 
보쌈수육,삶기, 돼지고기앞다리살 대파 마늘 양파 된장 
수육,삶기, 앞다리살 닭가슴살 양파 중 청양고추 파뿌리 큰 월계수잎 된장 쌈장 된장 
꼬막손질,삶기, 꼬막 살 무 당근 상추 정도 깨소금 참기름 사과 장 달래 장 고은 고춧가루 마늘 깨소금 
돼지수육,삶기, 수육용삼겹살 대파 통마늘 생강가루 양파 사과 된장 커피 통후추 물엿 소주 
물국수,삶기,국수 식용유 계란 마늘햄 신김치 물 소면 동전굵기 멸치다시육수 국수장 국수장 진간장 국간장 고춧가루 깨소금 다진마늘 설탕 참기름 쪽파 청양고추 
에그샌드위치,삶기, 식빵 삶은달걀 마요네즈 소금 후추 
쌀식빵,삶기, 흑미 쌀가루 설탕 이스트 소금 물 버터 
감자샐러드,삶기, 감자 당근 소량 사과 소량 마요네즈 계란 소금
옥수수감자샐러드,삶기,작은 감자 옥수수 캔 한개 마요네즈 플레인요구르트 설탕 소금 
삼겹살수육,삶기, 생삼겹살 쌍화차티백 생강차티백 간장 후추 물 깻잎양파무침 깻잎 양파 간장 식초 물 설탕 다진마늘 참기름 고춧가루 깨 
돼지고기수육,삶기,돼지고기 수육 만드는 법 돼지고기 대파 파뿌리 굵은소금 무 들깨국 돼지고기 대파 파뿌리 굵은소금 마늘 애송이 버섯볶음 애송이 버섯 멸치 액젓 멸치육수 붉은 고추 깨소금 참기름 마늘 김치전 김치 계란 양파 콩기름 상큼한 유자 막장 만드는 법 된장 유자청 고추장 콩가루 깨소금 참기름 마늘 
족발,삶기, 순살족발 양조간장 삼계탕 월계수잎 통후추 통마늘 생강 계피 딜 허브가루 타임 흑설탕 청주 물 
명이나물쌈,삶기, 명이나물 양배추 밥 식초 쌈장 된장 고추장 참기름 매실청 미림 마늘 깨소금 
보쌈,삶기, 삼겹살 양파 마늘 월계수 잎 된장
돼지목살수육,삶기, 돼지목살 양파 월계수잎 통후추 물 부추 소금 부추겉절이 장 간장 식초 설탕 꿀 다진마늘 고춧가루 참기름 깨 
시래기삶는법,삶기, 시래기 설탕 물 시래기가충분히잠길정도
랍스터,삶기, 랍스터 양파 호박 토마토 소금 소스 
보쌈,삶기, 돼지고기 목살 다진마늘 후추 양파 된장
족발,삶기, 미니족 장족 양파 통마늘 대파 에스프레소 샷 된장 통후추 파뿌리 청양고추 화이트 와인 소주잔 기준 간장 반종이컵 기준 물엿 설탕 
우설수육,삶기, 우설 셀러리 마늘 파 월계수잎 소금 양파 레몬 간장
돼지족발,삶기, 돼지족 통마늘 월계수잎 대파뿌리와 통후추 진간장 물 올리고당 맛술 생강 대추 팔각 
팥율무밥,삶기, 팥 율무쌀 멥쌀 
계란삶는법,삶기, 계란 물 계란이살짝잠길만큼큼
에그감자샌드위치,삶기, 핫도그 빵 감자 중간 크기 삶은 달걀 오이 마요네즈 케첩 후춧가루 소금 과정에표시함 머스터드소스 
쑥꿀밤떡,삶기, 쑥 멥쌀가루 맛밤 올리고당 소금 설탕 뜨거운물 말린대추 
수육,삶기,수육 제주돼지 앞다리살수육용 덩어리째 명주실 제주돼지 앞다리살수육용 덩어리째 명주실 삶는국물 소주 된장 생강 슬라이스 마늘 슬라이스 통후추 또는 후추 새우젓 새우젓 다진마늘 생수 고춧가루 물엿 또는 설탕 까나리액젓 또는 멸치젓 
꽃게찌는법,삶기, 꽃게 샐러리 된장 청주 청양고추 
에그샐러드,삶기, 달걀 모닝빵 마요네즈 소금 후추 
파절임간장국수,삶기, 국수중면 대파 간장 고춧가루 식초 들기름 
콩국수,삶기, 흰강낭콩 불린 것 소금 다시마 우린 물 우무채 오이채 
백고동야채미역초샐러드,삶기, 백고동 오이 불린미역 작은 양파백고동삶기 맛술 간장 식초 올리고당 다진마늘 메실엑기스 레몬즙 통깨 솔솔 백고동삶은물
오이채콩국수,삶기, 삶은 흰강낭콩 볶은참깨 볶은잣 생수 오이 방울토마토 볶은소금 
돼지고기수육,삶기, 쌍화차 물 돼지고기앞다리살 마늘 
메밀소바,삶기, 메밀면 무우 대파 김 가위로썬다 와사비 장국 끓일때 기꼬만 간장 맛술 물 다시마 사방 
돼지앞다리살수육,삶기, 돼지고기 앞다리살 양파 쌍화탕 
열무국수,삶기, 국수 열무김치 육수 계란삶은것 식초 취향껏
서리태콩국수,삶기, 콩 물 토마토 삶은 계란 오이 소면 동전 소금 
피쉬볼,삶기, 오징어 대구살 동태살 다진마늘 다진생강 다진파 표고버섯 당근 양파 청양고추 청주 전분가루 카레가루 베트남고춧가루 후추 황태육수 어묵 달걀 소스 양조간장 피쉬소스 핫칠리소스 청양고추 홍고추 베트남매운소스 
아로니아콩국수,삶기, 밀가루 물 아로니아분말 옥수수 전분 꽃소금 감자전분가루 시판 콩국물 물 오이채 통깨 소금 각얼음 등 
옻닭,삶기, 토종닭 전복 백숙용티백 옻나무 통대추 양파 당근 대파 찹쌀 술 검은깨 소금 후추 참기름 
계란바게트샌드위치,삶기, 바게트 계란 피클 슬라이스치즈 슬라이스햄 로메인상추 마요네즈 소금 설탕 후추 
해산물감자샐러드,삶기, 감자 식빵 기준 각종 해산물오징어새우조갯살 양파 당근 오이 부 마요네즈 소금 후추 
반숙달걀,삶기,필수 달걀 소금 식초 
양수육,삶기, 양수육 알배기배춧잎 부추미나리무침 무순 고춧가루 진간장 연겨자 다진마늘 썬파 식초 청주 매실액 참기름 통깨 부추미나리무침 부추 미나리 고춧가루 진간장 참기름 통깨 
수육삶는법,삶기, 삼겹살 또는 목살 통마늘 양파 대파 월계수잎 된장 통후추 커피 소주 
서리태콩국수,삶기, 검정콩 소면 했어요 호두 아몬드 토마토 슬라이스 굵은소금 
미숫가루국수,삶기,냉미숫가루국수 미숫가루 국수 설탕 오이 생수 얼음 소금 들기름 
참외콩국수,삶기, 콩국물 칼국수면 참외 소금 토핑 방울토마토 삶은달걀 검은깨소금 얼음 
오이소박이냉국수,삶기, 오이소박이 냉국 물 설탕 고추가루 간마늘 국간장 식초 청양고추 소면 얼음 쪽파 송송썬 것 깨 등 
메쉬포테이토,삶기, 냉동돈까스 감자 우스타소스 케찹 허브가루 설탕 버터 다진마늘 후추 소금 
감자샐러드,삶기, 감자 양파 당근 완두콩 달걀 소금 마요네즈 설탕 소금 
모두부,삶기, 두부 물 꽃소금 
수육보쌈,삶기, 삼겹살 오겹살 월계수잎 된장 
열무김치말이국수,삶기, 소면 냉면육수 열무김치 계란 
팥고물,삶기, 팥 소금
오이채콩국수,삶기,필수 삶은흰강낭콩 잣 볶은소금 통깨 생수 방울토마토 오이 
매쉬포테이토,삶기, 감자 후랑크소세지 소금 후추가루 다진마늘 
감자삶는법,삶기, 감자 소금 설탕 물
냉국수,삶기, 소면 오이 은 계란 열무국수 
옥수수삶는법,삶기,삶은 옥수수 옥수수 생수 소금 설탕 옥수수들기름구이 삶은옥수수 들기름 식용유
샐러드냉국수,삶기, 소면 얼린냉국물 냉면다대기 어린잎채소 방울토마토 무쌈수 삶은달걀 애플민트 냉면육수 생수 국간장 식초 매실액 참치맛장 소금 냉면다대기 고춧가루 양조간장 사과 배 양파 간것 매실즙 식초 연겨자 다진마늘 생강가루 후추가루 설탕 
오이소박이냉국수,삶기, 소면 차가운 생수 소금 설탕 식초 고운 고춧가루 오이김치 
돼지고기보쌈,삶기, 돼지고기앞다리 대파 양파 감초 통생강 통마늘 통후추 월개수잎 소주 된장 
보쌈수육,삶기, 통삼겹 양파 생강 월계수잎 통후추 된장 대파 통마늘 
팥,삶기, 팥 설탕 올리고당 소금 물 단팥라떼 단팥소스 따뜻한 우유 
콩국수,삶기, 백태콩 메주콩 통깨 잣 물 기타 소면 우뭇가사리 콩가루 설탕 소금 얼음 오이 방울토마토 원하는만큼
감자샐러드,삶기, 감자 버섯 사과 방울토마토 견과마요네즈 자연식견과마요네즈 잣과 땅콩 양파 물 꿀 올리브유 식초 소금 다진마늘 
돼지고기수육,삶기, 돼지고기 통 오겹살 양파 중간 사이즈 대파 마늘 청주 파뿌리 자투리채소 허브맛솔트 
김치국수말이,삶기, 소면 물김치 냉수 깨
콩국수,삶기, 백태 삶은 땅콩 볶은 참깨 생수 콩칼국수면 오이 소금 
감자샐러드,삶기, 감자 소금 설탕 오이 당근 통조림옥수수 마요네즈 후추
옥수수삶는법,삶기, 옥수수 소금 설탕 
쫄면콩국수,삶기, 쫄면 물 콩가루분말 삶은계란 오이 소금
간장국수,삶기,필수 소면 청양고추 홍고추 얼음 쯔유 물 
돼지고기목살수육,삶기, 돼지고기 목살 대파 통후추 커피원두 월계수잎 간 마늘 된장 양파 
콩국수,삶기, 서리태 생수 
감동란,삶기, 계란 원하는만큼 소금 물 종이컵 소금 식초 
감자샐러드,삶기, 감자 작은 거 계란 오이 파프리카 색별로 양파 작은 거 설탕 마요네즈 꿀 
계란삶는법,삶기, 계란 식초 소금 
에그샐러드샌드위치,삶기, 삶은계란 마요네즈 크림치즈 소금 쪽파다진거 후추 슬라이스햄 슬라이스치즈 베이컨 식빵 머스터드소스 
냉메밀국수,삶기, 메밀소면 김 김치 간장 간장 고추가루 설탕 
간장국수,삶기, 소면 청양고추 쯔유간장 물 
냉땅콩국수,삶기, 땅콩 잔치국수 토마토 깨소금 소금
콩국수,삶기,콩국수 불린 흰 강낭콩 소면 소금 오이 방울 토마토 깨소금 
콩국수,삶기, 메주콩 생옥수수알 물 중면 오이채 통깨 각얼음 등
냉콩국수,삶기, 콩국검은콩 잣 검은깨 생수 소면 오이 방울토마토 훈제란 
마약계란,삶기, 계란 간장 물 올리고당 통깨 설탕 양파 대파 홍고추 청양고추 
콩국수,삶기, 우유 두부용기에 땅콩버터 숟갈 깨 숟갈 두부 간 소금 설탕 
삼겹살수육,삶기, 삼겹살 수육잡내제거 된장 월계수잎 통후추 생강 양파 파뿌리 대파 통마늘 믹스커피 
삼겹살수육,삶기,보쌈 배추 김치 배추 알배기 부추 절임물물소금 밀가루풀물밀가루 김치 고춧가루 식힌 밀가루풀 새우젓 사과 갈은거 다진마늘 다진생강 설탕 통깨 수육 통삼겹살 부추 
옥수수,삶기, 옥수수 굵은소금 설탕 옥수수가 잠길 정도의 물 
수육삶는법,삶기,꼭필요한 수육용 목살과 삼겹살 양파 중크기 된장 술 통마늘 소주나 청주 파뿌리나 대파 흰부분 있으면 좋은 카누 커피 생강 잘라진 것 
돼지고기앞다리살수육,삶기, 돼지고기 잡내제거용 술 생강 다진마늘 간장 대파 양파 월계수잎 된장 
순두부콩국수,삶기, 순두부 콩가루 캐슈넛 우유두유물 소금 통깨 토마토 국수 깻잎장아찌
콩국수,삶기, 두부 우유 국수면 잣 소금 얼음 참깨 데코용 오이 수박 삶은계란 
콩국수,삶기, 소면 메주콩 소주컵 생옥수수 소금 깨소금 오이 얼음 토마토 
만두,삶기, 냉동만두 간장 식초 후추가루 고추가루 
냉모밀소바,삶기, 무 청양고추 썬파 쯔유 모밀국수 삶은콩나물 얼음 생수 
수육삶기,삶기, 돼지고기앞다리살수육용 월계수잎 된장 통후추 청주 통마늘 썬쪽파 다진마늘 버터 통깨 
콩국수,삶기,콩물 만들기 메주콩 원하는만큼 물 메주콩의 콩국수 국수 소금 채썬 오이 수박또는 토마토
감자샐러드,삶기, 홍감자 삶은계란 양파 당근 오이고추 플레인요거트 농도조절용 소금 후추 
찹쌀꿀떡,삶기, 습식 찹쌀가루 뜨거운 물 소스 흑설탕 소금 물 있으면 시나몬 가루 
서리태콩국수,삶기, 서리태 중면 고명 오이채 토마토 또는 방울토마토 
감자샐러드,삶기, 감자 계란 마요네즈 크림치즈 소금 후추 파슬리가루 차이브 
감자삶는법,삶기, 감자 꽃소금 설탕 물 등
계란,삶기, 계란 소금 물 
열무김치말이국수,삶기, 열무김치와 국물 김장 배추김칫국물 시판 냉면 육수 소금 겨자 적채양배추 채썬것 
감자샐러드,삶기, 감자 파인애플통조림 양파물식초 블루베리 버터 마요네즈 꿀 소금 감자샐러드빵 빵 감자샐러드 케첩 쨈
콩물,삶기,콩국물 햇 검은콩 볶은 땅콩가루 소금 콩 삶은물 
옥수수삶는법,삶기, 옥수수 물 설탕 소금 
감자삶는법,삶기, 감자 물 굵은소금 설탕 
마약계란,삶기, 계란 소금 식초 살짝 진간장 물 설탕 올리고당 양파 대파 청양고추 
콩국수,삶기, 국수 두부 우유 잣 오이 계란 방울토마토 소금 깨소금 
감자샐러드,삶기, 감자 햄 작은것 작은양파 당근 오이고추 양파 다진 것 당근 다진 것 고추 다진 것 소금 설탕 후춧가루 살짝 마요네즈 
콩국수,삶기, 메주콩 물 통깨 소금 국수면 얼음 토핑 오이 방울토마토 삶은계란 
수수팥떡,삶기, 수수 팥 설탕 
검정콩국수,삶기, 검정콩 땅콩버터 오이 소면 토마토
순두부콩국수,삶기, 몽글이순두부 검은콩두유 소금 얼음 선택 천도복숭아 선택 어린잎채소 선택 국수 
감자샐러드,삶기, 계란크기 감자 두부 파프리카 마요네즈 마요네즈 소금 설탕 
콩국수,삶기, 메주콩 오이 국수 소금 
냉메밀국수,삶기, 메밀국수 무 쪽파 김가루 천도복숭아 고추냉이 국물 쯔유국시장국 
두부콩국수,삶기, 두부 한모 물 소면또는중면 오이 토마토 땅콩쨈 볶은깨 설탕 소금 
고구마샐러드,삶기, 밤고구마 중간크기 설타나건포도 대체가능 호두 건크랜베리 마요네즈 우유 농도봐가며 조절가능
삶은계란,삶기, 계란 복숭아 꿀 식초 피클머스타드소스 
감자샐러드,삶기, 감자 오이 양파 당근 올리브 계란 햄 빵 소금 톡톡 후춧가루 마요네즈
자색고구마크림치즈스프레드,삶기, 크림치즈 자색고구마 마가린 소금 완성 후 용량 약 기준
감자샐러드,삶기,감자 감자 중간크기 삶은계란 오이 꽃소금 양파 홍당무 죽염 
감자샐러드,삶기, 계란크기 감자 계란크기 감자깍뚝 썰기 두부 당근 파프리카 아삭이고추 오이 마요네즈 소스 마요네즈 설탕 딸기청 소금 
계란장덮밥,삶기, 계란 양조간장 물다시마 올리고당 부추 양파마늘고추 통깨 계란장덮밥 밥 날치알연어아보카도등 선택 또는 생략 어린잎채소 버터참기름
마약계란,삶기, 계란 양파 대파 청양고추 홍고추 마늘 간장 물 올리고당 통깨 
문어,삶기,돌문어 숙회 초고추장 들기름 소금 라면 라면 파 무침 양파 당근 오이 파 고춧가루 참기름 올리고당 식초 통깨 소금
메밀국수,삶기,메밀국수 생메밀면 무 파 김가루 고추냉이 육수 혼쯔유소스 생수
돼지고기수육,삶기, 돼지고기 소금 후추 호박 가지 토마토 양파 올리브유 
파스타샐러드,삶기,냉 파스타 샐러드 파스타 샐러드믹스 어린잎채소 달걀 가니쉬과일 드레싱 올리브유 간장 식초 레몬즙 매실액 다진마늘 후추 
김치말이국수,삶기, 소면 김치 동치미육수 삶은달걀 
감자삶는법,삶기, 감자 중간크기로 설탕 꿀 물 슬라이스아몬드 통깨
감자샐러드,삶기, 삶은 감자 샐러드 채소 오이 삶은 달걀 식빵 드레싱 요거트 파마산 치즈가루 다진마늘 홀그레인머스터드 소금 후춧가루 
총알오징어알리오올리오,삶기, 총알오징어 굵은소금소주 스파게티 굵은소금면 삶을 때 다진마늘 양파 갈릭솔트 그라인드후추 생바질잎
감자샐러드,삶기, 감자 다진양파 삶은계란 소스 마요네즈 식초 소금 설탕 후춧가루 
보쌈수육,삶기, 수육용 삼겹살 약 저희 집 기준 ㅎ 소주 굵은 소금 된장 월계수잎 통후추 건파뿌리 생파뿌리도 괜찮아요 양파 마늘 간마늘의 경우 
감자삶는법,삶기, 감자 물 감자가잠길만큼 설탕 소금 
보쌈,삶기, 보쌈용 고기 마늘 생강 양파 파 알배추 소금 된장 술 새우젓 술 고춧가루 다진 마늘 술 다진 파 술 청양고추 참기름 
애호박만두,삶기, 애호박 불린 건표고버섯 소고기 만두피 얼음 원하는만큼 절이기 꽃소금 물 애호박 현미유 다진 대파초록 부분 다진 마늘 깨소금 설탕 참기름 후추 버섯고기 다진 대파 다진 마늘 간장 깨소금 설탕 참기름 후추 
맥반석계란,삶기, 계란 물 소금 식초 
마늘보쌈,삶기, 돼지목살 한방삼계탕 갖은쌈채소 쌈장 물 쪽파 깨 마늘소스 다진마늘 꿀 물 소금 참기름 
애호박새우만두,삶기, 애호박 표고버섯 새우살 다진마늘 진간장 굴소스 다진파 굵은소금 만두피 식용유 
두부콩국수,삶기, 국수 두부 우유 검은깨 참깨 호두 잣 띵콩 오이 토마토 소금 얼음
문어삶는법,삶기, 돌문어 밀가루 초고추장
김치말이국수,삶기, 소면 시판용냉면육수 생수 냉면육수와동량 잘익은김치 오이 김치국물 김치무칠때 설탕 참기름 
감자샐러드,삶기,콜라찜닭 닭볶음용 당면 우유 양파 당근 대파 팽이버섯 다진마늘 콜라 간장 감자샐러드 감자 버터 소금 
감복스,삶기, 감자 아이스크림 복분자 정도
마약계란,삶기, 달걀 대파 청고추 홍고추 물 맛술 간장 설탕 다진 마늘 통깨 계란 삶을 때 소금 식초 
감자샐러드,삶기, 감자 계란 양파 옥수수콘 크래미 장 마요네즈 설탕 허니머스타드 
물냉면,삶기, 냉면면 냉면육수 양파 고추장 물엿 간장 소금 다진마늘 매실청 설탕 식초 깨소금 후추 고추가루 
꿀떡,삶기, 찹쌀가루 물 소금 백설탕 흑설탕 올리고당 계핏가루 참기름
돼지고기수육,삶기, 돼지고기삼겹덩어리 월계수잎 생강 마늘 후추 된장 물 콜라비 다진마늘 생강청 새우젓 고추가루 죽염 통깨 현미식초 배추속 쪽파 
참치감자샌드위치,삶기, 캔 참치 삶은감자 식빵 과일잼 토마토케첩 마요네즈 머스터드소스 양배추 양파식초 모짜렐라치즈 소금
어만두,삶기,필수 대구살 오징어 알배추 부추 두부 숙주 밀가루 소금 다진마늘 다진생강 청주 후추 액젓 참기름 달걀 
찰옥수수,삶기, 찰옥수수 물 옥수수가잠길정도 설탕 소금 
감자샐러드,삶기, 감자 계란 맛살 청량고추 오이 사과 양파 마요네즈 설탕 소금 후추 
고구마말랭이,삶기, 고구마 원하는양만큼
에그베네딕트,삶기, 삶은달걀 식빵 슬라이스 햄 체다치즈 파슬리 마요네즈 머스타드 
닭백숙,삶기, 생닭 삼 대추 통마늘 찹쌀 백숙티백 물
감자샐러드,삶기, 양배추 반통 계란 특란 감자 특크기 파프리카 청오이 뚜레쥬르 식빵 마요네즈소스 마요네즈 수제쨈 꽃소금 남양떠먹는요구루트 그외 절일때 감자삶을때 설탕소금 양배추 소금 설탕 오이 소금 파프리카 소금 
소세지알리오올리오,삶기, 스파게티면 소세지 마늘 매운건고추 소금 후추 올리브오일 
수육,삶기,수육 수육용삼겹살 커피 월계수잎 통마늘 대파 파뿌리 통후추 된장 청주 새우젓무침 새우젓 홍고추 풋고추 깐마늘 참기름 통깨 
밤삶기,삶기, 밤
감자삶기,삶기, 감자 물 
계란삶는법,삶기, 계란 머그컵 쿠킹호일
참문어삶기,삶기, 문어 정도 소주
밤삶는법,삶기, 밤 물 
고구마,삶기, 고구마 다시마 물
율란,삶기, 밤 녹차가루 코코아가루 꿀
문어닭백숙,삶기, 닭 문어 부추 통마늘 대추 백숙 약재 
당고,삶기, 찹쌀가루 물 간장 미림 흑설탕 물 옥수수 전분 물 
복분자수육,삶기, 통삼겹살 영양부추 양파 마늘 복분자액 청주 간장 꿀 
돼지고기수육,삶기, 돼지 삼겹살 집된장 양파 대파 통마늘 월계수잎 생강 새우젓 청양고추 깨소금 참기름 마늘 
김치국수,삶기, 달걀 구운김 실파 김치 국수 국물용 멸치 다시마 청주 국간장 소금 설탕 진간장 참기름 통깨 
밤삶는법,삶기, 밤 소금 큰 술 물 밤이잠길정도
콩국수,삶기, 우선 두부집에서 겟한 콩국수가루 손두부 아몬드가 없어서 아몬드 밀크 한팩과 우유 소금 우뭇가사리 
돼지고기보쌈,삶기, 보쌈김치 돼지고기수육
돼지고기보쌈,삶기, 돼지고기삼겹살 된장 월계수잎 마늘 생강 통후주 소주 물 
밤삶는법,삶기, 밤 소금 
소고기사태더덕생채,삶기,사태더덕생채 사태 물 대파 마늘 통후추 청주 더덕 대추 밤 배 오이 겨자 소스 연겨자 설탕 식초 소금 잣 죽 잣 불린 쌀 물 단호박 퓨레 단호박 우유 생크림 버터 소금 
이유식,삶기, 애호박 고구마 쌀 물 
거북손,삶기, 거북손
흰강낭콩샐러드,삶기, 흰 강낭콩 적양파 바질페스토 올리브유 생크림 소금 간 통후추 있으면 바질잎 
이유식,삶기, 소고기 파프리카 쌀 소고기육수 
고구마경단,삶기, 찐고구마 대추 검은깨 등 시럽 설탕 물 
두반장수육,삶기, 돼지고기사태 오이 당귀 치커리 두반장 식초 설탕 간장 다진마늘 통깨 
밤삶는법,삶기, 햇밤 위생팩 
이유식,삶기, 생연어 손바닥의 양파 애호박 파프리카 채소육수 쌀 
삼겹살보쌈,삶기,필수 포기 김치 삼겹살 표고버섯 양파 새송이버섯 부추 소금 후추 
콩국수,삶기, 소면 오이 방울토마토 노란콩 달걀 소금 검은깨 
돼지고기수육,삶기, 돼지고기 통목살 돼지고기통삼겹 대파 양파 통마늘 통후추 커피 된장 새우젓 
옥수수삶기,삶기, 옥수수 소금 물 
꼬막,삶기,준비물 싱싱한 꼬막 간장 고춧가루 다진마늘 깨소금 파 참기름 
한방수육,삶기, 삼겹살 물 소금 설탕 쌍화탕 
수육삶는법,삶기, 돼지고기수육용삼겹살앞다리살목살 쌀뜬물 통마늘 양파 가능 사과 커피 알갱이 된장 돼지고기에바를수있을정도
콜라수육,삶기, 돼지 삼겹살 양파 무우 대파 월계수잎 된장 콜라 새우젓 청양고추 깨소금 
보쌈,삶기, 돼지고기삼겹목살 배추 무 소금 물엿 고추가루 마늘 새우젓 액젓 설탕 사과 쪽파 육수 된장 대파 양파 마늘 생강 유자청 소주 
보쌈,삶기, 돼지고기 수육용삼겹살 꿀 월계수잎 중멸치 다시마 베트남 고추 말린 표고버섯 커피가루 생강가루 된장 양파 통후추 
수육삶는법,삶기,준비물 돼지고기 한근 반 옻나무 월계수잎 된장 생강 갈은 것 안갈은것 마늘간것 배 소주 물 새우젓
수육,삶기, 돼지고기앞다리 덩어리 향신 물 된장 베트남고추 마늘 양파 대파 월계수잎 쌈 속 배춧잎 새우젓 고춧가루 깨 참기름 기호에맞게
시래기삶는법,삶기, 배추 시래기 중 무우 시래기 중 물 지퍼백
수육삶는법,삶기, 보쌈용 삼겹살 대파 양파 통마늘 한 줌 된장 큰술 소주 큰술 고기 삶는 티백또는 월계수잎 물 약 정도
간장수육,삶기, 돼지고기 통 삼겹살 무 당근 계란 시금치 삶는 육수 물 진간장 정종 미림 각각 설탕 다시마 대파 생강 
수육,삶기, 김장 김치 김장 김칫소 돼지앞다리살 된장 월계수잎 통후추 통마늘 
양배추사과샌드위치,삶기, 식빵 양배추 취향것 사과 소금 후추 마요네즈 계란 
수육삶는법,삶기, 통삼겹살 통후추 마늘 파뿌리 비법 비법 된장 쌀뜨물 
바나나경단,삶기,필수 바나나 찹쌀가루 소금 카스테라 가루 다진 아몬드 
계란마요샌드위치,삶기, 모닝빵 크래미 삶은 계란 소금 후추 마요네즈 케찹 위생장갑
삼겹살수육,삶기, 통삼겹살 쌍화탕 월계수잎 통후추 소금 설탕 생강술소주미림 
양배추쌈,삶기, 우렁이 애호박 표고버섯 두부 청양고추 홍고추 양배추 집된장 고추장 시판 된장 간마늘 액젓 밀가루 
삼겹살수육,삶기, 통삼겹살 물 굴소스 맛술 집된장 대파 잎 마늘 생강 통후추 월계수잎 정향 양파 
꼬막삶는법,삶기, 꼬막 소금 물 이상
수육,삶기, 뒷다리살 녹차잎 
돈가스온메밀소바,삶기, 돈가스 패티 메밀소바라면 무 대파 와사비 취향따라 조미 김가루 
고구마스프레드,삶기, 고구마 작은거 우유 설탕 소금 버터 
아보카도,삶기, 소고기 아보카도 쌀 노른자 감자 육수 
브로콜리,삶기, 브로콜리 체다치즈 요거트 방울토마토 
감자샐러드,삶기, 감자 소시지 양파 마요네즈 브로컬리 파프리카 케첩 소금 후추 
레몬버터소면,삶기, 소면 새우 브로컬리 육수 우유 버터 후추 소금 마늘 올리브오일 적량
수육,삶기, 수육용 통삼겹살 통마늘 헛개나무 오가목 갈근 뽕나무 삼백초 엄나무 계피 월계수잎 
고구마샐러드,삶기, 고구마 삶은달걀 양파 오이 다진 땅콩 건포도 플레인 요쿠르트 마요네즈 머스터드소스 꿀 또는 올리고당 고운소금 소량 흰후추가루 소량
떡갈비,삶기,떡갈비 소고기 다짐육 새우 팩 두부 무 당근 쪽파 다진마늘 찹쌀가루 식용유 소고기 밑간 간장 설탕 맛술 생강술 소금 후춧가루 참기름 다진파 떡갈비 소스 간장 스테이크소스 맛술 올리고당 유자청 물 
율란,삶기, 밤 소금 꿀 계피가루 
양배추삶기,삶기, 양배추 
수육,삶기, 돼지고기 양파 파 흰부분 통마늘 된장 생강 진액 물 
수육,삶기, 돼지고기 양파 파 흰부분 통마늘 된장 생강 진액 물 
경단,삶기, 맵쌀가루 찹쌀가루 소금 설탕 끓는 물 꿀소스 조청 올리고당 고명가루 깨 검은깨 설탕 깨 검은깨 
돼지수육,삶기, 수육용 돼지고기 월계수잎 된장 커피 곁들일 무말랭이 무침 세발나물 무침 
고구마볼,삶기,고구마 볼 찐 고구마 카스텔라 잣 생크림 꿀 
메추리알,삶기, 메추리알 냄비 소금 식초 뚜껑이 있는 밀폐용기 
문어삶는법,삶기, 문어 물 미향 
돼지고기수육,삶기,수육 돼지고기 양파 대파 뿌리 포함 마늘 건 생강 월계수잎 통 후추 물 된장 간장 커피 소주 소금 
삼겹살수육,삶기, 수육용 삼겹살 양파 마늘 대파 생강 된장 맛술 후추 
수육,삶기, 삼겹살 물 집된장 월계수잎 통후추 쌍화탕 마늘 연겨자 진간장 설탕 식초 
병아리콩샐러드,삶기, 병아리콩 올리브유 사과 올리브 
고기만두,삶기, 돼지고기 부추 신김치 당면 두께 두부 진간장 굴소스 간마늘 고추가루 참기름 생강가루 맛술 
감자샐러드,삶기, 감자 양파 사과 맛살 달걀 마요네즈 소금 후추 
수육,삶기, 삼겹살 삶는 물 물 쌍화탕 재움 지퍼팩 소금 설탕 물 
계란삶는법,삶기, 달걀 물 잠길정도
아지타마고,삶기, 달걀 기준 소금 식초 아지마타고 간장 만들기 간장 설탕 물 다시마 가쓰오부시 
동파육,삶기, 돼지고기사태 보쌈용 돼지고기앞다리살 보쌈용 시금치 다진마늘 청양초 동퍄육기본 팔각 삼계탕용 천연조미료 생강 통마늘 계피 파뿌리 통후추 월계수잎 대파 흑설탕 진간장 청주 물 
수육야채꼬치,삶기, 계란 돼지고기 목살앞다리살 바나나 방울양배추 알 새우 현미밥 공기 아스파라거스 인스턴트 커피 후추 파슬리 소금 올리브유 
수육,삶기, 돼지고기 목살앞다리살 대파 통마늘 양파 생강 파드커피 통후추 월개수잎 전용찜기냄비
감자샐러드,삶기, 감자 양파 파슬리 소금 흰후춧가루 마요네즈 
감자크림스프,삶기, 감자 대파흰부분 양파 무염버터 치킨스톡 생크림 식빵 소금 흰후춧가루 월계수잎 
에그마요샌드위치,삶기, 샌드위치용 토스트 계란 다진피클 다진양파 당근 체다치즈 슬라이스 햄 소스 마요네즈 머스타드 소금 후추 레몬즙 와사비 크림치즈 꿀 
수육,삶기, 양파 대파 마늘 돼지고기 앞다리살 물 통 계피 월계수잎 통후추 된장 커피 
감자경단,삶기,감자경단 감자 소금 꿀 견과류 많이
시래기삶는법,삶기, 시래기 설탕
돼지고기수육,삶기, 삼겹살 물 월계수잎 통후추 마늘 청양고추 양파 인스턴트커피 된장 
수육,삶기, 돼지고기 월계수잎 양파 된장 설탕 소금 
옥수수삶기,삶기, 옥수수 소금 설탕 물 
김치만두,삶기, 김치 돼지고기 두부 양파 시판용 만두피 
꼬막삶기,삶기, 피꼬막 물 참기름 간마늘 고춧가루 파 설탕 통깨 
고구마삶는법,삶기, 고구마 랩 전자레인지용접시
김치만두,삶기, 김장김치 돼지고기안심등심 양파 당근 작은것 대파 부추 청양고추 당면 두부 계란 냉동 만두피 소금 후추가루 다진마늘 
감자샐러드,삶기, 감자 양파 오이피클 마요네즈 후추 머스트스셀러리
아보카도데빌드에그,삶기, 아보카도 달걀 마요네즈 레드자몽청레몬즙 머스타드소스 소금 후추 빨강 파프리카 
돼지고기수육,삶기, 삼겹살 부위 대파 파뿌리 된장 소주 소주잔 커피 월계수입 통마늘 생강 맥주 
도시락,삶기, 꼬마야채김밥세트 메추리알 당근 흑임자 비엔나소세지 치즈 흑임자 과일 치킨 
오겹살수육,삶기, 돼지고기 오겹살 된장 소주 다진 마늘 대파 양파 통후추 
양배추삶는법,삶기, 양배추 소금 얼음 
돼지고기수육보쌈,삶기, 돼지고기 양파 대파 통후추 월계수잎 깐마늘 된장 
앞다리살보쌈,삶기, 돼지 앞다리살 집 된장 커피 양파 대파 통마늘 월계수잎 물 
밤,삶기, 밤 물 
닭백숙,삶기, 닭 양파 마늘 헛개나무 토복령 겨우살이 유근피 소주 
죽순삶기,삶기, 죽순 쌀뜨물 비닐팩 
꼬막삶기,삶기, 꼬막 물 
쭈꾸미손질,삶기, 주꾸미 소금 무 
꼬막,삶기, 꼬막 꼬막 장 다진 대파 다진 마늘 깨소금 꼬막 국물 고춧가루 후추 참기름 진간장 꼬막손질 천일염 
돼지수육삶는법,삶기, 돼지고기 된장 통마늘 통후추 월계수잎 양파 커피 
홍삼삼겹살수육,삶기, 통삼겹살 대파 마늘 생강 된장 홍삼정 물 작은 크기 양파 부추 식초 간장 와사비 
도시락,삶기, 계란 샐러드야채 당근 간장 식초 설탕 올리브오일 
수원왕갈비통닭,삶기,밑간 숟가락 계량 닭다리 맛술 소금 생강가루 식용유 후춧가루 갈비맛 장 닭다리 분량 진간장 설탕 고운 고춧가루 후춧가루 콜라 요리 당 식용유 참기름 양파 청양고추 홍고추 마늘 
꼬막삶기,삶기, 꼬막 장 고춧가루 간장 다시마물 물 다진 마늘 참기름 깨소금 홍고추 쪽파 
무청시래기된장지짐,삶기, 말린 시래기 된장 멸치육수 다진마늘 맛술 들기름 
냉라면,삶기, 청양고추 설탕 식초 진간장 물 진라면 양파 맛살 오이 
계란부르스케타,삶기, 계란 바게트빵 토마토 아보카도 슬라이스치즈 버터 마요네즈 소금 후추 허니머스타드소스 
양배추쌈,삶기, 양배추 
수육,삶기, 수육용 삼겹살 통마늘 통후추 된장 양파 월계수잎 
게살에그샌드위치,삶기, 계란 크레미 양파 피클 찹 마요네즈 올리고당 레몬즙 파슬리가루 토마토 
쪽파강회,삶기, 쪽파 소금 물 초고추장 
우거지보관,삶기, 배추 겉잎 굵은소금 위생비닐봉투 
앞다리살수육,삶기, 돼지고기 앞다리살 생강 생강술소주미림 대파 파뿌리 청양고추 통마늘 된장 
감자샐러드,삶기, 감자 오이 양파 스팸 드레싱 마요네즈 소금 설탕 레몬즙 
감자샐러드,삶기, 감자 오이 옥수수통조림 후춧가루 소량 크래미게살 삶은달걀 고운소금 양파
간장순살치킨,삶기, 치킨 너겟 견과류 간장 올리고당 설탕 다진마늘 맛술 물 
보쌈,삶기, 돼지고기 월계수잎 인스턴트커피 마늘 생강 된장 새우젓 
수육,삶기, 수육용 돼지고기 펩시 콜라 물 된장 간장 월계수잎 통후추 마늘 양파 대파 
에그샌드위치,삶기, 모닝빵 계란 빨간파프리카 노란파프리카 양파 오이 상추 당근 소금 작은술 마요네즈 후추 
명란알리오올리오파스타,삶기, 스파게티면 올리브오일 통마늘 소금 명란젓 
수육,삶기, 돼지고기 삼겹살 덩어리 파 양파 마늘 된장 소금 통후추 계피 커피 소주 
식빵샌드위치,삶기, 식빵 오이 단호박 사과 
꼬막삶기,삶기, 꼬막 굵은소금 간장
돼지고기수육,삶기,상추겉절이 상추 양파 고춧가루 설탕 식초 마늘 깨소금 참기름 삼겹살 수육 삼겹살 양파 무 월계수잎 
스팸감자김밥,삶기, 감자 스팸 김 
식빵빠네파스타,삶기, 식빵 버터 살짝 마늘 양파 휘핑크림 베이컨 슬라이스치즈 허브솔트 후추 파슬리가루 
오징어파강회,삶기, 오징어 쪽파 파프리카 소금 초고추장 고추장 식초 올리고당 매실청 레몬즙 
카마타마우동,삶기,온천달걀 계란 끓는물 찬물 우동 우동면 무엇이든 관계없습니다 간장 테라오카 계란에 뿌려먹는 간장 또는 소바간장 대파혹은 쪽파 가쓰오부시 또는 명주다시마 쯔유 
양배추쌈,삶기, 양배추 상추 소금 밥 두부참치쌈장 
모닝빵달걀샐러드,삶기, 달걀 모닝빵 오이 마요네즈 머스터드 소금 후추 
열무김치국수,삶기, 냉면육수 소면 열무김치 열무김치국수국물 오이 통깨 설탕 
김치말이국수,삶기, 오이 김치 국수 삶은 달걀 밑간 설탕 참기름 국물 김치 국물 물 설탕 고춧가루 국간장 식초 다진 파 부순참깨 
근대쌈밥,삶기, 근대 잎 소금 
수육,삶기,필수 통삼겹살 고기삶은 커피가루 된장 월계수잎 양파 마늘 새우젓 새우젓 고춧가루 다진 마늘 고추 쌈장 된장 참기름 고춧가루 다진 대파 고추장 다진 마늘 
감자사과샌드위치,삶기, 사과 감자 홍파프리카 옐로우 파프리카 소금 오이 햄 마요네즈 설탕 
묵은지오징어김밥,삶기, 밥 묵은지 오징어 김밥김 삶은 브로콜리 맛술 들기름 오징어 밑간 맛술 간장 고춧가루 황설탕 후추 밥 밑간 소금 참기름 깨소금 
삼겹살수육,삶기, 통삼겹살 된장 소주 월계수잎 양파 고추 통마늘 편썬 생강 대파 상추 쌈장
꼬막밥전카나페,삶기, 꼬막 굵은소금 달걀 대파 오이 새싹 시판초장 소금
열무냉우동,삶기, 열무김치국물 우동면 상추 쑥갓 오이 참깨 
묵나물,삶기, 취나물 굵은소금 
서리태콩국수,삶기, 서리태 볶은깨 소면 오이 달걀 토마토 소금
문어감자샐러드,삶기, 자숙문어 감자 올리브유 파프리카 가루 소금 월계수 잎 
고구마또띠아롤,삶기, 고구마 닭가슴살 곡물 또띠아 삶은 브로콜리 빨강 파프리카 버터 크림치즈 허니머스타드소스 닭고기 밑간 맛술 소금 후추 
고구마샐러드,삶기, 고구마 우유 설탕 마요네즈 
해산물토마토냉면,삶기, 오징어 새우 주꾸미 냉면면 부 양파 고추장 식초 설탕 다진 마늘 소금 고명 삶은 달걀 오이 
수육보쌈,삶기, 수육용 돼지고기 월계수잎 커피 된장 무말랭이 무침 세발나물 무침 
오징어해초쌈,삶기, 오징어 꼬시래기 오이 당근 적양파 라이스페이퍼 깻잎 오이 시판 초고추장 식초 매실액 
파스타,삶기, 파스타면 토마토소스 까르보나라소스 우유 마늘 베이컨 양파 양송이 스팸 굵은소금 
감자삶기,삶기, 알감자 소금 설탕 물 
삼겹살수육,삶기, 돼지고기삼겹살 메밀국수 적양배추 당근 오이 사과 땅콩 참깨 월계수잎 통후추 된장 계란 비빔 장 
수육,삶기, 구이용 삼겹살 물 대파 된장 마늘 커피 맛술 
감자샐러드,삶기, 감자 오이 햄 치즈 마요네즈 꿀 설탕 소금 
파스타샐러드,삶기, 푸실리 각종야채 어린잎채소 아보카도오일드레싱 소금 레몬즙 후추 아가베시럽 아보카도 오일 부 삶은달걀 치즈
열무물김치국수,삶기, 열무 물김치 소면 계란 얼음 적당 소금 
달걀,삶기, 달걀 굵은소금 
떠먹는감자피자,삶기, 감자 양파 팽이버섯 건표고버섯 방울토마토 소금 토마토소스 모짜렐라치즈 취향껏
들기름국수,삶기, 소면 깻잎 김 들기름 간장 묵은지 
들기름국수,삶기, 소면 깻잎 도시락김 들기름 수박 들깨 초고추장 고추장 식초 매실청 올리고당 황설탕 들깨가루 깨소금 
골빔면,삶기, 비빔면 골뱅이캔 삶은 계란 대파 추가 시판 초고추장 골뱅이캔 국물 
돼지고기사태수육,삶기, 돼지고기사태 쌀뜨물 통마늘 월계수 통후추 맥주 된장 
인삼경단,삶기,인삼경단 인삼 인삼 청 찹쌀가루 소금 물 백앙금 견과류 고물 빵 깨 흑임자 가루 인삼청 인삼 물 설탕 인삼에이드 인삼 청 탄산수 레몬 
열무물냉면,삶기, 열무김치 냉면육수 달걀 식초 겨자 통깨 
감자삶는법,삶기, 감자 물 잠길만큼 소금 
감자샐러드,삶기,필수 감자 삶은 달걀 양파 오이피클 소금 후추 크래미 마요네즈 
완두콩샌드위치,삶기,완두콩 치즈샌드위치 식빵 완두콩 슬라이스햄 딸기잼 홀그레인 머스터드소스 꿀 마요네즈 소금 치즈 불고기 치즈 꼬마김밥 치즈 불고기 오이 당근 밥 김밥김 소금 식초 설탕 후추 참기름 깨소금 식용유 치즈 치즈 새우구이 생새우 치즈 삶은 브로콜리 소금 후추 
소면,삶기, 소면 물 
계란반숙,삶기, 계란 초장 곁들일 채소 
감자삶는법,삶기, 감자 물 설탕 소금 
검은콩국수,삶기, 검은콩 잣 깨 소면 삶은계란 오이 수박 소금 
부추잡채,삶기, 당면 부추 당근 파프리카 빨강 파프리카 노랑 파프리카 주황 소금 진간장 설탕 참기름 통깨 후추 넉넉하게 소고기볶음 소고기 진간장 설탕 마늘 후추 
감자삶는법,삶기, 감자 꽃소금 
감자퓌레,삶기, 감자 마늘 식초 올리브오일 후추 소금
감자경단,삶기, 감자작은거 갈은 검은깨 카스테리 빵 물 꿀 소금 
수육삶는법,삶기,밥숟가락 계량 돼지고기 통마늘 양파 미림 된장 월계수잎 통후추 대파 
감자샐러드샌드위치,삶기, 삶은 감자 식빵 오이 양파 파프리카 당근 베이컨 소금 설탕 상추 양상추 체다슬라이스치즈 모차렐라치즈 머스터드소스 마요네즈 설탕 후추
샐러드파스타,삶기, 파스타면 샐러드채소 새우 진간장 가쓰오부시 장국 식초 다진마늘 올리고당 참기름 소금 후추가루 
감자샐러드,삶기, 감자 오이 달걀 물 소금 드레싱 마요네즈 설탕 후추 
마카로니콘샐러드,삶기, 마카로니 옥수수콘 식초 파슬리 양파 마요네즈 설탕 후추 
알감자,삶기, 알감자 설탕 버터 소금 
수박냉국수,삶기, 수박 양배추 시판 냉면육수 소금 식초 소면 깨소금 오이
감자샐러드,삶기, 감자 약 캔옥수수 마요네즈 허니머스터드 연유 명란 후리가케 통후추 파슬리 
수육삶기,삶기, 돼지고기 
냉잔치국수,삶기,고명 애호박 파 당근 달걀물
감자삶기,삶기, 감자 소금 설탕 물 
소고기수육,삶기, 소고기 양파 대파 부추 마늘 가득 밥그릇 생강 소주 물 고춧가루 소금 참기름 통깨 
메밀콩국수,삶기, 검은콩 생메밀국수 오이 삶은 계란 굵은 소금 
감자샐러드,삶기, 홍감자 옥수수 양파 오이고추 당근 소금 후추 우유 농도조절
냉면,삶기, 둥지냉면 고명용 고기 고명용 채소 
감자찰꿀떡,삶기, 감자중간크기 시판 찹쌀가루 흑설탕 외 간장 물 
감자인절미,삶기, 중간크기 감자 찹쌀가루 소금 콩고물 흑임자가루 
옥수수삶는법,삶기, 찰옥수수 물 고운소금 뉴슈가 
백숙,삶기, 닭다리 부추 대파 양파 마늘 장 고춧가루 진간장 다진 대파 연겨자 다진 마늘 식초 설탕 
옥수수삶기,삶기, 옥수수 감미 소금
김치말이국수,삶기, 국수 김치 김치국물 설렁탕 계란 깨소금 참기름 
콩국수,삶기, 검은콩물 샘표국수 소금 
감자삶기,삶기, 감자 물 잠길정도 소금 뉴슈가 
장칼국수,삶기, 칼국수면 고춧가루 고추장 된장 계란 국간장 소금 호박 감자 양파 대파 포장김小 통깨 물 
닭발,삶기, 닭발 대파 밀가루 깨 고추장 다진마늘 고추가루 맛술 설탕 진간장 월계수잎 후추 청양고추
옥수수삶는법,삶기, 찰옥수수 소금 뉴슈가 물 
주먹밥,삶기, 밥 밥에 뿌려먹는 김가루 버터 간장 참기름 소세지 
냉짬뽕,삶기, 원하는 면 시판용 냉면육수 새우 오징어 당근 고추기름 대파소스용크기 대파 흰부분 다진마늘 굴소스 고추가루 
냉짬뽕,삶기, 진짬뽕짬뽕라면 냉면육수 고추가루 다진마늘 다진 파 
옥수수삶는법,삶기, 찰옥수수 소금 뉴슈가 물 옥수수잠기게
옥수수삶는법,삶기, 옥수수 물 소금 뉴슈가 
옥수수삶기,삶기, 옥수수 옥수수수염 소금 뉴 슈거 물 
옥수수삶는법,삶기, 물 옥수수 굵은소금 뉴 슈거 
감자삶는법,삶기, 감자 설탕 소금 물
냉라면,삶기, 동치미 육수 닭가슴살 라면사리 오이 파프리카 통마늘 월계수잎 
오징어냉채,삶기, 오징어 오이 적양파 방울토마토 냉채소스 올리브유 다진마늘 연겨자 생와사비 설탕 사과식초 매실청 소금 검정깨 오이 절이기 식초 설탕 물 
고추장,삶기, 고춧가루 엿기름 맵쌀가루 메주 가루 물엿 꽃소금 
콜라보쌈,삶기, 돼지고기 앞다리살 콜라 진간장 대파 통마늘 통후추 월계수잎 편생강 양파 
감자샐러드샌드위치,삶기, 감자 오이 적양파 식빵 빨강 미니파프리카 크림치즈 오이와 양파 절이기 소금 설탕 식초 후추 감자샐러드 마요네즈 소금 후추 감자 삶기 설탕 소금 
감자샐러드,삶기, 햇감자 소금 양파 참치통조림 마요네즈 후추 쪽파 양조간장 작은 술
보쌈,삶기, 통삼겹살 물 간장 통계피 통마늘 커피가루 대파 양파 흑설탕 백설탕 
흑미양배추롤,삶기, 흑미밥 오이 계란 양배추 빨강 파프리카 대파 마늘 청양고추 식초 식용유 참기름 깨 씩 약고추장 고추장 된장 물 꿀 들기름 깨 다진마늘 다진파 청양고추 씩
잣국수,삶기, 칼국수면 잣 오이 달걀 토마토 죽염소금 설탕 식성에 맞게
콩국물,삶기, 생수
돼지고기수육,삶기, 돼지고기 삼겹살부분 양파 대파 청양고추 마늘 월계수잎 소주 된장 물 새우젓 다진마늘 들기름 고춧가루 통깨 소금 
삶은계란,삶기, 계란 초장 오이 쑥갓 곁들일채소
아귀수육,삶기, 아귀 콩나물 미나리 간장 와사비 청양고추 
냉국수,삶기, 소면 대파 단무지 도시락용 김 삶은달걀 참기름 참깨 육수 멸치장국 생수 장 다진 대파 다진 청양고추 다진마늘 식초 설탕 
계란,삶기, 계란 밀폐용기 소금 식초 
수박냉면,삶기,동치미 무 꽃소금 통마늘 매실청 자일로스 설탕 식초 요구르트 냉면 복 수박 냉면 동치미 국물 삶은 달걀 기호에 따라 김치국물 
마약계란,삶기, 계란 다진양파 간장 물 설탕 깨소금 소금 식초 다진대파 
옥수수빠스,삶기,필수 옥수수 소금 설탕 물 옥수수빠스 옥수수전분 설탕 물 기름
소고기찹쌀구이들깨샐러드,삶기, 소고기등심 쌈채소 새싹채소 참외 천도복숭아 소금 후추 찹쌀가루 올리브유 들깨드레싱 들깨가루 마요네즈 진간장 식초 올리고당 맛술 마늘 후추 
감자샐러드샌드위치,삶기,감자샐러드 감자 계란 당근 양파 오이 마요네즈 술 허니머스터드 술 소금 후추 톡톡 감자 샌드위치 모닝빵 감자샐러드
옥수수삶는법,삶기, 찰옥수수 황설탕 천일염 물 
고구마찌는법,삶기, 고구마 물 고구마의 가량 베이킹소다 
고구마삶는법,삶기, 물 다시마 고구마 
쟁반막국수,삶기, 메밀국수 깻잎 상추 오이 당근 삶은달걀 양배추 장 고추장 고춧가루 간장 설탕 올리고당 식초 겨자 다진마늘 참기름 면수 
떠먹는감자피자,삶기, 감자 양파 방울토마토 베이컨 소세지 케찹 피자치즈 감자삶을때 설탕 소금 후추 톡톡톡
열무물국수,삶기, 열무김치 냉면육수 김치국물 오이 삶은달걀 소면 깨 식초 설탕 
고구마찹쌀경단,삶기, 고구마 견과류 카스테라 찹쌀가루 설탕 소금 
감자샐러드,삶기, 삶은감자 삶은계란 당근 양파 크래미 핫도그래리쉬 마요네즈 
찐땅콩,삶기, 땅콩 물 소금 
율란,삶기, 밤 꿀 계피가루 흰깨 검정깨 
골뱅이숙회,삶기, 생백 골뱅이 된장 초고추장 
식빵팝콘,삶기,필수 식빵 설탕 식용유 
메추리알삶는법,삶기, 메추리알 소금 식초 밀폐용기
구운달걀,삶기, 달걀 소금 식초 물 
앞다리살수육,삶기, 돼지고기앞다리살 양파 대파 청양고추 사과 생강 월계수잎 통후추 간장 생강술 
문어숙회,삶기, 문어 무 밀가루 소금 
보쌈삶는법,삶기, 삼겹살 대파 뿌리포함 양파반개 마늘 된장 통후추 깐 생강 월계수잎 물 청주 또는 소수 마늘소스 간마늘 올리브유 설탕 레몬주스 또는 레몬즙 
애호박국수,삶기,필수 소면 애호박 양파 들기름 깨소금 식용유 고춧가루 설탕 간마늘 간장 소금 후춧가루 
김치비빔국수양념장,삶기, 김치 고추장 고춧가루 설탕 상추 참기름 통깨 소면 계란
서리태콩국수,삶기, 서리태 쌀소면 참깨 소금 설탕 미숫가루 견과류 
빵,삶기,필수 식빵 달걀 다진 호두 크랜베리 연유 소금 
땅콩삶는법,삶기, 땅콩 천일염
초장비빔국수,삶기, 소면 초장 참기름 김치 계란 
부지갱이나물,삶기, 부지갱이 대파 간장 소금 다진마늘 들기름 깨
감바스,삶기, 냉동새우 올리브유 소금 후추 파슬리 깐마늘 페페론치노 청양고추 
문어숙회,삶기, 문어 라면 무 밀가루 소금 깻잎 마늘 청양고추 레몬 초고추장 물 
시래기,삶기, 시래기 물 
호박잎쌈,삶기, 호박잎 간마늘 들깨가루 국간장이나 멸치액젓 들기름 호박잎 쌉 호박잎 두부 닭가슴살 깻잎 당근 간장 소금 마늘 후추
닭발,삶기, 닭발 생강 맛술 후추 청양고추 태국 건고추 콩나물 물 쪽파 닭발장 다진마늘 맛술 간장 고춧가루 고추장 설탕 후추 콩나물무침 소금 간장 다진마늘 참기름 후추 
애호박국수,삶기, 소면 애호박 소금 참기름 물 식용유 고추가루 설탕 다진마늘 양조간장 소금 후추가루 토핑용 깨 소금 미림 
메밀국수,삶기, 메밀국수 쪽파 김 무 
삶은계란,삶기, 계란 굵은소금 
단호박에그샌드위치,삶기, 식빵 단호박 계란 크림치즈 휘핑크림 설탕 소금 마요네즈 
고사리삶기,삶기, 마른고사리 
고구마밤,삶기, 밤고구마 다크초콜렛 화이트초콜렛 
감자샐러드,삶기, 감자 양파 당근 통조림콘 브로콜리 달걀 완두콩 마요네즈 머스타드 소금 후추 꿀 
밤고구마삶는법,삶기, 완전 밤고구마 물 다시마 취향껏 
감자샐러드,삶기, 감자 중 다진 대파 다진 실파 핑크 솔트 후춧가루 올리브 오일 허브 
고구마마카롱,삶기, 고구마 생크림 카스테라 아몬드 단호박가루 자색고구마가루 녹차가루 우유 
문어숙회,삶기, 문어 굵은소금 밀가루 무 식초 설탕 기름장 참기름 소금 깨 
돼지고기수육보쌈,삶기, 수육용 고기 설탕 된장 커피 대파 통마늘 후추 소주 
단호박메추리알화분샐러드,삶기, 메추리알 단호박 어린잎채소 비티가루 발사믹글레이즈 메추리알 삶기 소금 식초 
고구마라테,삶기, 고구마 우유 시나몬가루
돼지고기수육,삶기, 돼지고기 목살 김치 굴 커피 통후추 월계수잎 청주 통마늘 생강 된장 대파 
수육,삶기, 돼지고기 된장 후춧가루 커피가루 월계수 잎 
계란초,삶기, 계란 초장 곁들일채소
굴보쌈,삶기, 돼지고기 양파 월계수잎 된장 소금 설탕 
오징어강회,삶기, 오징어 빨강 파프리카 노랑 파프리카 주황 파프리카 부추 고추장 고운고춧가루 올리고당 매실액 식초 탄산수 고추냉이 소금 한 꼬집
돼지고기삼겹살수육,삶기, 돼지고기삼겹살 월계수 통후추 마늘 파뿌리 맥주 물 된장 커피
마장면,삶기, 닭가슴살 적양배추 오이 대파 흰부분만 쌀국수 소스 분량 지마장 소스 땅콩잼 설탕 식초 오이즙
수육,삶기, 돼지고기앞다리살 된장 대파흰부분 통마늘 통후추 
수육,삶기, 돼지고기 양파 월계수잎 소주 통마늘 스틱 커피 올리고당 간장 
삼겹살수육,삶기, 삼겹살 된장 팔각 통후추 마늘 두부 김장김치
수육,삶기, 돼지앞다리살 된장 와인 고추씨 커피 생수 
수육,삶기, 돼지고기 앞다리살 파뿌리 통후추 통마늘 생강 된장 
꼬막,삶기, 꼬막 쇠숟가락 굵은소금 물
수육,삶기, 돼지고기 통마늘 생강 대파 양파 된장 커피가루 굵은소금 후춧가루 
삶은달걀샌드위치,삶기, 핫도그 번 버터 사과잼 달걀샐러드 달걀 사과 견과류 마요네즈 머스타드 그라인드후추 소금
앞다리살수육,삶기, 돼지고기앞다리살 양파 대파 월계수잎 생강 쌍화탕 통후추 간장 생강술 소금 
곤드레밥,삶기, 말린 곤드레 파 마늘 적당하 들기름 국간장 간장 파 마늘 깨 고추가루 다진양파 다진당근
삶은달걀,삶기, 달걀 원하는 만큼
바질토마토파스타,삶기, 토마토 홍고추 바질잎 올리브오일 마늘 양파 소금 후추 우스타소스 케첩 까망베르치즈 스파게티면 굵은소금 
베이컨토마토스파게티,삶기, 스파게티 면 토마토소스 베이컨 방울토마토 파슬리 
동치미국수,삶기, 동치미 국물 국수 면 
족발,삶기, 미니 족발 참기름 초벌삶기 된장 월계수잎 정도 통후추 생강술 믹스커피 삶을때 고기 삶는 티백 간장 원탕 생강술 대파 양파 참치액 흑설탕 다진마늘 건고추 
폭립,삶기, 등갈비 파슬리가루 초벌삶기 월계수잎 생강술 폭립소스 바베큐 소스 스테이크 소스 다진마늘 참치액 케첩 후춧가루 생강술 물 
수육,삶기, 돼지고기 뒷다리살 대파 된장 통마늘 월계수잎 통후추 블랙커피 쌍화탕 양파 
김치만두,삶기, 돼지고기 김치 양파 두부 만두피 
꼬막양념장,삶기, 꼬막 소금 간장 고춧가루 통깨 설탕 참기름 물
매생이굴파스타,삶기, 매생이 굴 스파게티면 굵은소금 올리브오일 마늘 매운건고추 선택 술 액젓 쪽파 파마산치브
계란샌드위치,삶기, 계란 머스타드 마요네즈 소금 
돼지고기수육,삶기, 수육용 고기 설탕 된장 커피 대파 통마늘 후추 소주 
수비드족발,삶기,수비드 족발 앞다리사태 물 간장 올리고 당 맛술 배음료 청양 고추 마늘 생강 월계수잎 통후추 백숙 커피가루 양파장아찌 양파 청양 고추 간장 식초 설탕 소금 물 
간장비빔국수,삶기, 소면 계란 소스 간장 설탕 참기름 다진마늘 식초 물 
소세지크림파스타,삶기, 스파게티면 굵은소금 양파 다진마늘 우유 감자스프 소금 후추 슬라이스치즈 선택 다진파 
곤드레나물밥,삶기, 말리 곤드레 옥수수알 쌀 곤드레 무칠때 들기름 국간장 장 간장 고춧가루 식초 매실청 참기름 통깨 달래 
삼겹살수육,삶기, 통삼겹살 쪽파 통마늘 청양고추 깻잎 된장 진간장 인삼분말 홍삼액기스 부추 물 깨 참기름 부추겉절이 간장 까나리액젓 다진마늘 고춧가루 식초 설탕 참기름 쌈장만들기 레시피 시판 된장 고추장 참깨 참기름 맛술 다진마늘 다진파 다진고추 
고추장토마토스파게티,삶기, 스파게티면 시판 토마토소스 고추장 오징어 새송이버섯 양파 당근 술 굵은소금 파마산치즈가루 파슬리가루 올리브오일 식용유
돼지고기수육,삶기, 돼지고기 앞다리살 양파 마늘 대파 된장 월계수잎 통후추 물 
메추리알,삶기, 메추리알 소금 식초 밀폐용기
삼겹살수육,삶기, 삼겹살 수육용 물 돼지안심 된장 월계수잎 
햄알리오올리오,삶기, 스파게티면 마늘 슬라이스햄 호두 방울토마토 바질가루 파마산치즈 허브소금 후추가루 굵은소금
양념보쌈,삶기,보쌈삶는 삼겹살 파 대파 생강 양파 마늘 작은무 사과 식초 월계수잎 장 생강청 간장 굴소스 후추 물엿 설탕 맛술 참나물 겉절이 참나물 마늘 간장 매실청 설탕 깨 식초 고춧가루 참기름 
보쌈,삶기, 돼지고기 양파 굴 겉절이 김치 장 월게수잎 물
달걀장,삶기, 달걀 대파 청양초 양파 간장 생수 원당 올리고당 
감자샐러드,삶기, 감자 사과 소금 설탕 마요네즈 또는 플레인요거트 
콩나물냉채,삶기, 콩나물 사과 배 설탕 미나리 파 식초 레몬즙 오미자액 매실액 다진마늘 생강청 소금
녹두죽,삶기, 녹두 찹쌀 소금 간
감자샐러드샌드위치,삶기,필수 감자 달걀 오이 사과 슬라이스햄 상추 모닝빵 소금 홀그레인머스타드 마요네즈 플레인요거트 설탕 
수육,삶기, 돼지앞다리살 카레 가루 된장 건 도라지 둥글레 
꼬막비빔밥,삶기, 꼬막 부추 당근 계란 식용유 검정깨 씩 무침 장 고춧가루 간장 멸치액젓 맛술 매실청 황설탕 다진마늘 깨소금 참기름 
연어깻잎오일스파게티,삶기, 연어캔 깻잎 매운건고추 올리브오일 소금 후추 굵은소금
오곡밥,삶기, 찹쌀 수수 팥 차조 콩 소금 
캐슈넛감자샐러드,삶기, 삶은감자 삶은계란 당근 양파 브로콜리 소금 캐슈넛마요네즈 캐슈넛마요네즈 캐슈넛 양파 물 올리브유 꿀 식초 다진마늘 소금
감자샐러드,삶기,감자샐러드샌드위치 감자 옥수수 당근 블루베리 마요네즈 가당생크림 설탕 
홍어삼합,삶기,돼지앞다리살수육 돼지고기앞다리살 된장 월계수잎 통후추 홍어삼합 홍어 수육 김장김치 원하는만큼 슈바인학센 슈바인학센 바질가루 올리브오일 
곤드레밥,삶기, 백미 찹쌀 건곤드레나물 표고버섯 들기름 국간장 장 간장 고추가루 매실액 올리고당 다진파 다진마늘 통깨 참기름 
바질페스토스파게티,삶기, 통밀스파게티면 올리브오일 바질페스토 마늘 대파 마른고추 소금 그라인드후추 허브가루 치즈
단호박샌드위치,삶기, 식빵 찐단호박 데친 햄 슬라이스치즈 잼 머스터드 슈가파우더 꿀 케첩
감자샐러드,삶기, 건조 감자플레이크 우유 삶은달걀 빨강파프리카 피망 콘옥수수 마요네즈 호추 소금 모닝빵
감자샐러드,삶기, 감자 달걀 캔옥수수 깨 오리엔탈 드레싱 
고구마말랭이,삶기, 삶은고구마 큰것 식품건조기에어프라이어
삼겹살보쌈,삶기, 통삼겹살 깻잎 치커리 양파 간장 식초 설탕 고춧가루 참기름 
고구마경단,삶기, 고구마 큰 것 마른 다시마 물 요거트 카스테라 등
찹쌀떡,삶기, 우유 설탕 식용색소 찹쌀가루 
감자샐러드,삶기, 감자 피클 당근 마요네즈 디핑소스 소금 후추 
과일삼겹살샐러드,삶기, 삼겹살 키위 바나나 딸기 적양배추 고기 밑간 생강술 소금 후추 씩 유자소스 유자청 올리브유 레몬즙 식초 소금 생와사비 검정깨 
감자버무리,삶기, 감자 고춧가루 진간장 참기름 올리고당 후추 
가지바질페스토,삶기, 스파게티면 반건조 가지 바질페스토 마늘 양파 냉동새우 브로콜리 굵은소금 통후추 올리브오일 청주
감자달걀샐러드,삶기,필수 감자 달걀 당근 청양고추 소스 마요네즈 머스터드 후추 
감자샐러드,삶기, 감자 오이 크림치즈 
햄스파게티,삶기, 햄 스파게티 면 스파게티 소스
콩나물영양밥,삶기, 현미 현미찹쌀 당근 표고버섯 무 삶은 콩나물 다시마 죽염 장 콩나물국 콩나물 중 절반 다시마 황태머리 대파 양파 청홍고추 마늘 국간장 소금 장 양조간장 매실액 배즙 올리고당 다진파 다진마늘 참기름 통깨
감자샐러드,삶기, 감자 달걀 다진양파 소금 티스푼 설탕 마요네즈 맛살 당근 오이 등 빵가루 밀가루 달걀물 
루꼴라토마토스파게티,삶기, 양파 다진마늘 대파 브로콜리 표고버섯 방울토마토 퓨어올리브오일 스파게티면 굵은소금 루꼴라 파마산치즈 엑스트라버진 올리브유
생크림파스타,삶기, 스파게티면 굵은소금 생크림 통밀가루 올리브유 브로콜리 버섯 파프리카 피망 양파 마늘 소금 후추 허브가루 파마산치즈
누룽지백숙,삶기, 생닭 소금 찹쌀 밥 참기름 간장 닭삶는 채소 물 소금 대파 통후추 겨자 소스 고추기름 간장 식초 설탕 연겨자 
야옹이발바닥계란,삶기, 계란 핑크소시지 도구
콩나물톳밥,삶기, 쌀 잡곡 톳 콩나물삶은 물 현미유 국간장 삶은콩나물 콩나물 물 다시마 토마토달래장 달래 토마토 다진마늘 맛간장 국간장 오미자액 유근피조청 통깨 참기름 들기름
감동란,삶기, 계란 소금 식초 
감자샐러드,삶기, 감자 계란 당근 양파 대파 소금 설탕 후추 깨소금 마요네즈 
계란베이컨말이,삶기, 베이컨 삶은 계란 
샐러드빵,삶기, 모닝빵 양파 대파 감자 계란 소금 설탕 후추 
돼지고기수육,삶기, 통삼겹살 양파 마늘 대파 된장 월계수잎 통후추 물 
삽겹살수육,삶기, 수육용 삼겹살 된장 통마늘 물 썬쪽파 겉절이 원하는만큼
소라,삶기, 소라 소주
수육,삶기, 돼지고기 쌍화탕 된장 물 쌈장 다진마늘 청양고추 참기름 
돼지목살수육,삶기, 돼지목살 맥주 새우젓 대충 쌈장 대충 된장 생강 통후추 커피 
고구마무스,삶기, 고구마 소스 꿀 우유 버터 소금 
동파육,삶기, 돼지고기 통삼겹살 청경채 은행 팽이버섯 죽순 채 표고버섯 채 간장 맛술 쌍노두소스 설탕 미원 치킨스톡 식용유 실제로 소모는 대파 통생강 월계수잎 후추가루 팔각 통산초 오향분 참기름 마늘 
개구리모닝빵감자샌드위치,삶기, 감자 주먹사이즈 오이 양파 모닝빵 홈런볼 이쑤시개 마요네즈 설탕 소금 
계란감자토스트,삶기,요리 사각 식빵 감자 계란 마요네즈 레몬 다진피클 소금 후추 케찹 과 넛맥 
족발,삶기, 돼지 족 돼지 미니족 사과 마늘 마른대추 파 생강 양파 정향 시나몬스틱 팔각 통후추 약 미림 간장 소금 물엿 설탕 된장 물 
주꾸미숙회,삶기, 활 주꾸미 밀가루 미나리 초고추장 
톳페스토파스타,삶기, 톳페스토 스파게티면 굵은소금 올리브오일 마늘 토마토 데친브로컬리 그라인드 후추 까나리액젓 부족한간만큼 삼겹구이 벌집삼겹살 그라인드후추 허브가루 톳페스토 
열무비빔국수,삶기, 국수 계란 열무김치 장 간장 고춧가루 매실청 물엿 사과 열무김치국물 고추장 와사비 열무김치 통깨 참기름
두릅숙회,삶기, 두릅 소금 초장 
멸치국수,삶기, 국수 당근 호박 양파 아기 멸치 상추 통깨 참기름 양냠장 오일 파 진간장 설탕 다진마늘 노추 없으면 진간장 후춧가루 
메추리알,삶기, 굵은소금 식초 당근 카레가루 달걀 메추리알 검은깨 생 부추 
메추리알,삶기, 레드피클물 메추리알 채소 아무거나 
한우아롱사태수육,삶기, 소고기 양파 사과 대파 마늘 월계수잎 소주나 청주 물 
계란반숙,삶기, 계란 꽃소금 
달걀샌드위치,삶기, 식빵 달걀 소금 식초 양배추 마요네즈 머스터드 후춧가루 
돼지수육,삶기, 생 삼겹살 계피가루 녹차티백 양파 대파 
대파버터파스타,삶기, 훈제오리 버터 대파 데친브로콜리 스파게티면 소금 후추 파마산치즈
고추장토마토스파게티,삶기, 스파게티면 파프리카 방울토마토 양파 마늘 토마토소스 고추장 올리브오일 바질가루 치즈가루 후추 소금 소금 베이컨
보쌈,삶기,육수 된장 국간장 소주잔 대파 양파 마늘 생강 마늘과 같은 크기 월계수 물 수육 삼겹살 목살 청주 
들기름간장비빔국수,삶기, 소면 맛간장 식초 들기름 깨소금 김가루
마카로니샐러드,삶기, 마카로니 굵은소금 분홍소세지 맛살 마요네즈 설탕 레몬즙 후춧가루 
감자오이달걀볼,삶기, 감자 오이 달걀노른자 
콩나물,삶기, 콩나물 잔파 다시육수 소주 천일염 양파엑기스 깨
수육,삶기, 삼겹살 대파 양파 마늘 된장 물 통후추 
보쌈김치,삶기, 돼지고기뒷다리살 양파 마늘 대파 월개수잎 통후추 커피 카누 된장 
수육,삶기, 돼지사태살 굴소스 간장 된장 마늘 생강 통후추 월계수 물 
취나물된장비빔국수,삶기, 취나물 칼국수면 차돌박이 파프리카 깻잎 홍고추 무순 된장비빔소스 된장 식초 올리고당 물 다진마늘 설탕 고춧가루 들기름 통깨
매쉬드스위트포테이토,삶기, 고구마 다시마 피망 양파 마요네즈 플레인요구르트 소금 식초
감자샌드위치,삶기, 감자 계란 고구마 오이 피클 양파 치즈 마요네즈 꽃소금 후추 오렌지 
장아찌간장냉국수,삶기, 중면 장아찌 소스 물 김치 불린 미역 단무지 청양고추 대파 깨소금 참기름 
감자계란샌드위치,삶기, 감자 계란 양파 모닝빵 마요네즈 듬뿍 허니 머스터드소스 후추 
양념꼬막,삶기, 꼬막 소금 간장 고춧가루 통깨 설탕 참기름 물
돼지고기수육,삶기, 수육용 돼지고기 대파 마늘 양파 생강 커피 된장 월계수잎 물 소주 또는 맛술 통후추 장 새우젓 들기름 고춧가루 통깨 
족발,삶기, 돼지고기앞다리살 소금 후추 간장 설탕 맛술 올리고당 매실액 생강 물 월계수잎 
새우장파스타,삶기, 스파게티면 굵은소금 올리브오일 다진마늘 양파 만개새우장 버터 곁들임야채 샐러드채소 토마토
감자에그샌드위치,삶기, 식빵 계란 감자 양파 오이피클 마요네즈 머스터드 
콩국수,삶기, 미숫가루 오이 통깨 두부 두유 실곤약 
양념장꼬막,삶기, 꼬막 굵은소금 장 간장 고춧가루 설탕 올리고당 맛술 다진파 다진마늘 참기름 통깨 
돼지고기수육,삶기, 돼지고기앞다리살 식용유 양조간장 마스코바도 설탕 맛술 생강청 물 통후추 한방팩 마늘쫑 새우젓장 새우젓 다진마늘 고춧가루 맛술 물 깨소금 참기름 무쌈 부추
만두,삶기, 돼지고기 간것 양파 당면 두부 부추 시판 만두피 시판 분량 김치 소금 후추 
김치말이국수,삶기,김치말이 국수 신김치 도토리묵 국수 계란 김가루 육수 동치미 육수 사골 육수 김치 국물 김치 무칠때 설탕 통깨 참기름
수육,삶기, 돼지고기앞다리살 양파 통마늘 맥주 된장 사과 생강가루 커피가루 대파 대파뿌리 월계수잎 작은거 
비빔냉면,삶기, 냉면사리 양파 채 사과 채 오이채 양배추 채 간장 식초 매실 초장 깨 참기름 
물냉면,삶기, 냉면 오이채 시판용 냉면육수 물김치 소고기불고기 
앞다리살수육,삶기, 돼지고기 양파 마늘 홍고추 대파 손바닥크기로 커피 숟가락 청량고추 소금 된장 듬뿍 통후추 미림 소주 
콩국수,삶기, 콩 국수면 오이 소금
백골뱅이장,삶기, 생물 골뱅이 굵은 소금 장아찌 소스 물 간장 설탕 맛술 매실청 생강가루 양파 통마늘 마른홍고추 청양고추 홍고추 대파잎 다시마 파뿌리 
냉모밀,삶기,메밀소바 모밀면 무 쪽파 김 냉면육수 쯔유 
매쉬드포테이토,삶기, 감자 중간크기 무염버터 따뜻한우유 소금 파슬리 
에그샌드위치,삶기, 식빵 달걀 물달걀이 잠길 정도 식초 소금 마요네즈 백후춧가루 설탕 맛소금 
묵사발,삶기, 도토리묵 동치미 냉면육수 오이 청양고추 김가루 김치 장
투움바파스타,삶기, 파스타면 간마늘 새우 양송이 버섯 버터 그라나 파다노 치즈 치킨스톡 소금 케찹 체다치즈 새우 간장 맛술 파프리카가루 후추 크림소스 생크림 우유 간장 대파 
스파게티,삶기, 스파게티 물 소금 
양배추쌈,삶기, 양배추 소금 식초 
돼지등갈비,삶기, 돼지고기 양파 마늘 청량고추 홍고추 통후추 대파 배즙 고추가루 간장 물엿 케찹 설탕 고추장 
메밀면콩국수,삶기, 시판 하얀 콩물 시판 검은 콩물 메밀면 계란 노른자 물 소금 오이채 비트채 왕각얼음 통깨 
족발,삶기, 돼지고기앞다리살 양파 대파 다진마늘 후추 설탕 소주 콜라 간장 쌍화탕 
열무김치말이국수,삶기, 국수면 냉면육수 양지육수 김치국물 열무김치김치 계란 사과배 설탕 
짬뽕파스타,삶기, 돼지고기 마늘 와사비 소스 고추장 트러플 소스 우유 허브솔트 파스타면 기호알아서 오레가노럽드 고추장 
옥수수크림파스타,삶기, 파스타면 먹고싶은 양만큼 우유 옥수수 바질페스토 닭가슴살 소세지 오레가노 럽드 허브솔트
파스타,삶기, 파스타 물 올리브오일
돼지고기수육,삶기, 수육용 삼겹살 된장 통마늘 통후추 소주 부추김치 겉절이
감자,삶기, 감자 설탕 맛소금 물
호래기부추강회,삶기, 호래기 부추 깨소금 초고추장 악간
문어,삶기, 문어
문어숙회,삶기, 문어
감자,삶기, 감자 물 소금 설탕 들기름 
달걀,삶기, 달걀 소금 식초 식용유 
비빔냉면,삶기, 냉면 수박 참외 토마토 당근 달걀 양파 고추 고추장 고추가루 진간장 다진마늘 설탕 매실청 라임쥬스 참기름 통깨 
감자,삶기, 햇감자 소금 설탕 물 
감자,삶기,포슬포슬 분이 뽀얀 감자 삶는법 감자 물 정도 소금 설탕 
에그샌드위치,삶기, 식빵 계란 마요네즈 생크림 소금 후추 
수육,삶기, 수육용 돼지고기 양파 마늘 생강 커피 된장 
전복크림파스타,삶기, 스파게티면 양파 양송이버섯 브로콜리 전복 생크림 우유 소금 기호에맞게 파마산치즈가루 기호에맞게 후추
냉모밀,삶기, 메밀국수 무 무순 쪽파 자른김 고추냉이 물 쯔유 
알리오올리오파스타,삶기, 파스타면 올리브유 마늘 페퍼론치노 치킨스톡 
수육,삶기, 돼지고기 양파 대파 마늘 월계수잎 인스턴트커피 통후추 된장 생강 청주 간장 로즈메리 소주 
감자사라다빵,삶기, 감자 당근 후랑크소시지 매실절임 계란 마요네즈 소금 설탕 후추 
고기국수,삶기, 수육용 고기 중면 사골육수 장 장 간장 고춧가루 다진마늘 맛술 후추 
비빔칡냉면,삶기, 칡 냉면 흑 마늘 사과 양파 오이 대파 흰부분만 맛술 매실청 간장 설탕 식초 고추장 고춧가루 
닭발,삶기, 닭발 대파 매운고추 미림 밀가루 통후추 생강가루 장 고추가루 고추장 간장 굴소스 미림 설탕 올리고당 다진마늘 
메추리알,삶기, 메추리알 밀폐용기 소금 식초 
해쉬브라운,삶기, 감자 소금 설탕 감자전분 
감자샐러드,삶기, 감자 계란 오이 양파 햄 옥수수콘 당근 마요네즈 설탕 허니머스타드 소금 후추 
계란장,삶기,달걀 계란 식초 술 간장 양파 청고추 홍고추 부추 물 간장 설탕 올리고당 통깨 
감자샐러드,삶기, 감자 중 삶은 달걀 오이 슬라이스 햄 마요네즈 술 머스터드 술 씨종 머스터드 술 설탕 술 버터 큰 술 양파 소 모닝빵 
치즈감자,삶기, 감자 모짜렐라치즈 체다치즈 우유 소금 후추 
치즈감자떡,삶기, 감자 모짜렐라 치즈 콩가루 검정깨가루 소금 설탕
마약계란장,삶기, 계란 간장 물 생수 올리고당 다진마늘 대파 쪽파 쪽파 
연어메밀김밥,삶기,필수 메밀면 김밥용 김 연어 달걀 아보카도 간장 참기름 소금 식용유 소스 간장 맛술 고추냉이 
스파이시투움바파스타,삶기, 새우 고춧가루 소금 후추가루 맛술 올리브유 마늘 양파 양송이버섯 베이컨 페퍼론치노 페투치니면 우유 생크림 파마산치즈가루 
콩국수,삶기, 대두 참깨 오이 국수 당근 소금 설탕 통깨 
돼지수육,삶기, 돼지고기 수육용 대파 양파 마늘 생강 통후추 월계수잎 깻잎 상추 통깨 물 맛술 간장 참기름 
돼지고기오이냉채수육,삶기, 돼지고기 앞다리살 오이 양파 중 스테이크 시즈닝 꼬집 소스 대파 소량 두반장소스 매실청 다진마늘 설탕 후추가루 꼬집
단호박에그샌드위치,삶기, 단호박 계란 마요네즈 슬라이스치즈 설탕 
굴무생채,삶기, 통삼겹살 무 쪽파 굴 깨 고기삶는 대파 양파 통마늘 된장 통후추 청주 생강 무생채 고춧가루 설탕 생강청 멸치액젓 맛술 다진마늘 
문어숙회,삶기, 문어 소금 무 얼음 
삼겹살수육,삶기, 삼겹살 물 맛술 된장 생강 마늘 양파 아기 배 도라지즙 
냉우동,삶기, 쪽파 우동면 맛살 표고버섯 차돌박이 
오징어보쌈,삶기,오징어보쌈 오징어 콩나물 무 소금 톡톡 고추장 간장 고추가루 맛술 설탕 후추 톡톡
한우사태수육,삶기, 한우 사태 대파 마늘 생강 양파 청양고추 부추 팽이버섯 간장 식초 
감자샐러드,삶기, 감자 맛살 오이 당근 파프리카 통조림옥수수 마요네즈 넉넉히 취향껏 소금 후추 
에그샌드위치,삶기,에그샌드위치 계란 모닝빵 마요네즈 옥수수콘 소금 후추 
초계국수,삶기, 닭 양배추 썰어서 오이 쌈무 적양배추 썰어서 방울토마토 닭삶는 대파 양파 통마늘 생강 통후추 청주 닭고기 밑간 소금 후춧가루 육수밑간 소금 레몬청 와사비 
옥수수,삶기, 찰옥수수 물 소금 당원 
또띠야모짜렐라유부초밥,삶기, 또띠야 초밥용유부초절임 모짜렐라치즈 피넛월남쌈 소스 월남쌈소스 야채볶음 
김치말이국수,삶기, 소면 중면 냉면육수 배추김치 김치국물 설탕 참기름 오이 계란 참깨 
감자퓨레,삶기, 감자 우유 혹은 두유 좋은 버터 소금 물 물
사골국수,삶기, 애호박 달걀 사골육수 소면 대파 소금 후추 톡톡톡 식용유 
간장국수,삶기, 소면 달걀 간장 설탕 들기름 조미김 참깨 
단호박샐러드,삶기, 단호박 견과류 건포도 크림치즈 플레인요거트 레몬즙 식빵 소금 
봉골레파스타,삶기, 동결건조 바지락살 스파게티 마늘 양파 애호박 스파게티소스 소금 후추 올리브오일 씩
콩나물밥,삶기, 콩나물 쌀 장 간장 설탕 참기름 통깨 고추가루 간마늘 청양고추 파 
닭다리백숙,삶기, 닭다리 부추 대파 양파 마늘 장 고춧가루 진간장 연겨자 다진 마늘 식초 설탕 
닭다리버섯냉채,삶기, 느타리버섯 닭다리 오이 노랑파프리카 주황파프리카 빨강 파프리카 양파 닭 삶는 대파 마늘 통후추 닭다리살 밑간 소금 후춧가루 느타리버섯 밑간 소금 참기름 겨자소스 겨자 간장 식초 설탕 레몬청 올리고당 다진마늘 깨 
감자샐러드,삶기, 감자 중간크기 계란 스위트콘 햄 마요네즈 소금 후추 
찰옥수수,삶기, 찰옥수수 뉴 슈거 소금 
월남고둥,삶기, 월남고동 소주 소금
감자,삶기, 적 감자 물 설탕 소금 
콘비프,삶기,콘비프 차돌 양지 덩어리 굵은소금 컵 설탕 컵 염지용 핑크 솔트 피클링스파이스 월계수잎 장 마늘 알 생강 알 통후추 물 리터 콘비프 앤 캐비지 콘비프 양배추 당근 개 감자 개 물 리터 피클링 스파이스 월계수잎 장 홀그레인 머스타드 
유부우동,삶기, 사누끼우동면 유부 쑥갓 대파 김 국물용 디포리 건새우 다시마 쯔유 양파 설탕 통깨 생강 소금 
마약계란장,삶기, 게장국물 계란 청양고추 홍고추 통깨 
감동란,삶기, 계란 소금 식초 소금물 물 꽃소금 굵은소금 
식빵,삶기,반죽 강력분 설탕 버터 소금 인스턴트드라이이스트 물 달걀 탈지분유 토핑 버터 설탕 우유
대구꿀떡,삶기,꿀떡소스 물 흑설탕 배 청 소금 계피가루 소금 설탕 옥수수수염차 찹쌀가루
돼지고기사태수육,삶기, 돼지고기보쌈용 앞다리살 돼지고기보쌈용 사태 된장 커피 팔각 통후추 통마늘 로즈마리 홍어삼합 돼지고기앞다리살 수육 돼지고기사태 수육 홍어 묵은지 신김치참치볶음 
마약계란장,삶기, 달걀 물 간장 설탕 올리고당 대파 양파 다진 마늘 청양고추 홍고추 참기름 참깨 소금 식초 
김치잔치국수,삶기, 국수 김치 김가루 깨 소금 육수 황태머리 마른새우 디포리 국멸치 무 양파 다시마 대파흰대 청양고추 마늘 국간장 멸치액젓 간장 소금 
옥수수,삶기, 옥수수 뉴슈가 숟가락 소금 숟가락 물 옥수수가잠길정도까지
감동란,삶기, 달걀 소금 식초 
코코뱅,삶기, 토종닭 타임 한 주먹 베이컨 기호에따라 상관없음 양파 양송이 버섯 셀러리 기호에따라 상관없지만 당근 마늘 레드와인 소금 후추 올리브오일 
감자샌드위치,삶기, 감자 중자 삶은 계란 노른자 양상추 모닝빵 옥수수통조림 속 마요네즈 설탕 소금 후추 
콩나물,삶기, 콩나물 식초
순대국밥,삶기, 사골육수 순대 소금 톡톡톡 파 정도 청양고추 새우젓 들깨가루 후추 톡톡톡
계란초,삶기, 달걀 오이 빨강파프리카 노랑파프리카 소금 식초 깨소금 씩 초고추장 고추장 식초 황설탕 생강즙 레몬즙 
감자,삶기, 감자 설탕 소금 
연어덮밥,삶기, 생연어 청경채 양파 무순 믹스야채 와사비 마늘 굴소스 연어소스 진간장 맛술 식초 황설탕 다진마늘 다진생강 멸치육수 원액 물 
매쉬드포테이토,삶기, 왕 감자 우유 무염버터 크게 소금 후추 파슬리 
감자샐러드,삶기, 감자 참외 복숭아 씨리얼 요거트 아이스크림 쿠키 견과류 
타로버블티,삶기,타로버블티 타로파우더 설탕 뜨거운물 타피오카펄 꿀 시럽 소량 얼음 차가운 우유 
초코소라버블티,삶기,초코소라 버블티 뜨거운 우유 코코아파우더 설탕 다크초콜릿 차가운 우유 타피오카펄 꿀 시럽 소량 얼음 
냉메밀국수,삶기, 메밀면 육수 냉면육수 진간장 가쓰오장국 설탕 식초 고추냉이 김 면수에 넣을 소금 
달걀,삶기, 달걀
에그버거,삶기, 계란 상추 토마토 떡갈비 체다치즈 마요네즈 통깨 
곤드레나물밥,삶기, 곤드레나물 쌀 다시마 감자 밑간 조선간장 들기름 다진마늘 장 간장 깨소금 파 간마늘 참기름 고추가루 올리고당 청양고추 홍고추 
병아리콩그라탕,삶기, 병아리콩 브로콜리 양파 피자치즈 햄 케찹 기호에맞게 핫소스 기호에따라 소금 식용유 
만두소세지꼬치,삶기, 물만두 많이 많이 비엔나소세지 흰밥 샘표만두가맛있어지는간장소스 치킨 소스 땅콩 다진거 참기름 참깨 식용유 나무 꼬치 
케일쌈밥,삶기, 쌈케일 소금 마늘볶음밥 밥 포도씨유 통마늘 소금 고소한 쌈장 레시피 참기름 들깨가루 
땅콩,삶기, 햇 땅콩 소금 물 
족발,삶기,족발 돼지 족 양파 사과 무 당근 건고추 마늘 생강 통후추 계피 스틱 간장 설탕 물엿 청주 물 참기름 
전복삼계탕,삶기, 닭 전복 불린찹쌀 통마늘 약재 소금 대파 양파 
냉모밀,삶기, 메밀면 쯔유 물 멸치 다시마 무 직경 가다랑어포 간 무 잘게 썬 실파 잘게 자른 김 
달걀샌드위치,삶기, 계란 마요네즈 머스타드 연유 후추 톡톡톡 소금
감자샐러드,삶기, 감자 계란 소금 다진고추 다진홍고추 다진당근 마요네즈 다진파
오이냉국국수,삶기, 소면 계란 시판냉면육수 오이 양파 홍고추 소금 다진마늘 식초 설탕 통깨 솔솔
감자샐러드,삶기, 감자 삶은계란 당근 적양파 견과류냉장고사용 소금 소금 설탕 머스터드 마요네즈 검정깨 
펜네로제스파게티,삶기, 스파게티면 펜네와 마카로니 로제스파게티소스 소금 올리브유 
콩국수,삶기, 메주콩 물 소금 메밀면 오이
콩국수,삶기, 소면 자두 아포카도 진한콩국물 진한콩국물검은콩 소금 설탕 어린잎 
감자샐러드,삶기, 감자 크레미 양파 계란 오이 캔옥수수 마요네즈 씨겨자 겨자 설탕 소금 후추 버터 
냉만두콩국,삶기, 기준 콩국물 한컵 물만두 계란 오이 방울토마토 설탕 소금 
무수분수육,삶기, 삼겹살 대파 양파 무 월계수잎 통후추 정종 고기밑간 맛술 후추 다진마늘 된장 
콩국물허니찹쌀당고,삶기, 찹쌀가루 소금 콩국물 당고소스 간장 꿀 검은콩 콩국물 녹말 물 
수육,삶기, 수육용 고기 편생강 된장 통후추 청주 양파 대파 
감자샐러드,삶기, 감자 스틱 브로콜리 마늘 양파 사과 대파 두유 소금 후추 올리브유 
감자샐러드,삶기, 감자 삶은 달걀 당근 오이 마요네즈 올리고당 소금 식초 
냉국수,삶기, 채썬 오이 얇게 썬 대파 다진 청양고추 다진 홍고추 얇게 슬라이스한 양파 김가루 소량 얼음 검은깨 소량 중면 냉국수 국물 물 진간장 국간장 매실액 설탕 맛소금 식초 
콩국수,삶기, 콩국 콩가루 오이 깨소금 소금 
고구마샐러드,삶기, 찐 고구마 마요네즈 꿀 옥수수 크림치즈 소금 
옥수수감자샐러드,삶기, 감자 옥수수알 옥수수 양파 청양고추 굵은소금 마요네즈 홀스래디쉬소스 후추 크레송어린잎채소 바질드레싱 군옥수수
병아리콩후무스,삶기, 병아리콩 마늘 올리브유 레몬주스 참깨 소금 후추 비트 곁들임 식빵 토마토 미니아스파라거스 샐러리 
콩나물밥,삶기,콩나물밥 밥 콩나물 물 굵은소금 다진고기 다진고기 간장 매실액 참기름 다진마늘 다진파 설탕 후추 콩나물밥 장 다진파 다진마늘 간장 참기름
감자샌드위치,삶기, 감자 달걀 다진 양파 오이 당근 크래미 마요네즈 씨 겨자 설탕 
서리태콩국수,삶기, 서리태 한컵 배지밀 삶은 달걀 오이 중면 검은깨 소량 방울토마토 얼음 물 소금 소량 설탕 소량
감자사라다빵,삶기, 달걀 감자 양파 당근 설탕 소금 마요네즈 맛살 
루꼴라페스토파스타,삶기, 루꼴라페스토 스파게티면 소금 마늘쫑 토마토 올리브 올리브오일 루꼴라 파마산치즈 소금 후추
에그샌드위치,삶기,에그샌드위치 계란 모닝빵 식초 소금 양파 에그샌드위치 소스 마요네즈 허니머스타드 설탕 소금 후추 소량 파슬리가루 소량
호박잎,삶기, 호박잎
마늘보쌈,삶기,삶기 통통한통삼겹오겹 양파 대파 사과 마늘 통후추 커피가루 생강가루 월계수잎 된장 쌍화탕 맛술 마늘소스 다진마늘 간장 올리고당 설탕 식용유 식초 
모닝빵에그샌드위치,삶기, 계란 슬라이스치즈 마요네즈 듬뿍 핫도그렐리쉬 생략가능 옥수수콘 많이 올리고당 모닝빵 파슬리가루 
감자샐러드,삶기, 감자 달걀 아기 치즈 건포도 
고구마순,삶기, 고구마순 
돼지고기수육,삶기, 돼지고기 앞다리살 식용유 양조간장 마스코바도 설탕 맛술 생강청 물 통후추 마늘쫑 새우젓장 새우젓 다진마늘 고춧가루 맛술 물 깨소금 참기름 
감자샐러드,삶기, 계란 감자 오이 소금 당근 베이컨 마요네즈 식빵
검은콩국수,삶기,검은콩 콩국수 진한 콩국물 검은콩 소면 토핑 부추 방울토마토 깨소금 소금 
바지락야채영양밥,삶기, 쌀 시금치 표고버섯 당근 채썰어서 다시마 우린물 바지락살 밑간 청주 다진마늘 참기름 장 간장 맛술 생강청 다진파 다진마늘 참기름 깨 
아보카도에그카나페,삶기, 바게트빵 아보카도 삶은달걀 슬라이스 햄 슬라이스 치즈 연유 마요네즈 
감자샐러드,삶기, 인분 감자 개 소시지 개 타르타르소스 소금 후추 로켓 소스 계란 개 양파 마요네즈 큰 술 식초 작은 술
수육,삶기, 돼지고기 양파 마늘 생강 생강가루 소주 대파 커피 된장 월계수잎 통후추
양배추오리고기쌈,삶기, 쌀 식초 오리고기 양배추 물 양배추 잠길정도 소금 기호에 따른 야채 된장 고추장 매실액 또는 사이다 청양고추 다진마늘 참기름 깨 
두부장김치메밀국수,삶기, 메밀국수 오이 양배추 쌈채소 토마토 장김치 두부 들기름 소금 후추 국수장국 장김치국물 다시마물 얼음 와사비
계란,삶기, 계란 소금 식초 
수육,삶기, 돼지고기 마늘 생강 양파 된장 밥숟갈 크게 국간장 월계수잎 대파 소주 후추 
들깨고사리볶음나물,삶기, 말린고사리 쌀뜨물
마약계란장,삶기, 계란 소금 장 간장 생수 설탕 올리고당 통깨 대파 양파 
율란,삶기, 삶은밤 꿀 계핏가루 
더덕,삶기, 생 더덕 소금 식초 
무수분수육,삶기,삶기소스 된장 맛술 매실액 다진마늘 물 후추 수육 쫄데기 양파 무 대파 
문어숙회,삶기, 문어 밀가루 무 참기름 소금 다진마늘 후춧가루 초고추장 와사비 
율란,삶기, 밤 계핏가루 꿀 
땅콩삶기,삶기, 피땅콩 물
마약계란,삶기, 초란 양파 대파 풋고추 홍고추 다진마늘 물 간장 맛술 물엿 설탕 매실액 깨 
고구마잼,삶기,고구마무스 고구마 우유 설탕 
감자뇨끼,삶기,감자뇨끼 감자 밀가루 소금 후추 노른자 버터 크림소스
옥수수,삶기, 옥수수 천일염 고운소금 설탕 
홍합,삶기, 홍합 
감자샐러드,삶기,감자샐러드 감자 마요네즈 소금 후추 양파 당근 옥수수콘
두부콩국수,삶기,두부 콩국수 두부 우유 소금 설탕 깨 캐슈넛 오이 소면
단호박파스타,삶기,단호박 파스타 단호박 우유 소금 후추 설탕 파스타면 새우
감자샐러드,삶기, 큰 감자 스위트콘 피망 양파 소금 마요네즈와 머스터드 선택 맛살 
문어,삶기, 문어 밀가루 무 소스 숟가락 기준 다진마늘 청양고추 참기름 소금 
양배추,삶기, 양배추
돼지고기내장수육,삶기, 오소리감투 돼지곱창 허파 물 소주 맥주 통후추 파뿌리 마늘 된장 소금 고추가루 새우젓
병아리콩,삶기, 병아리콩 물 소금 간장 설탕 취향따라서
대추고,삶기,대추 삶기 대추 물 대추과육 졸이기 물 설탕 체에내린대추과육건더기
감자샐러드,삶기, 감자 계란 스팸 작은 것 오이 파프리카 소금 후추 
계란,삶기, 계란 알류미늄 쿠킹호일 전자레인지용 머그컵 물 
고동,삶기, 고동
에그마요샌드위치,삶기, 식빵 스팸 취향껏 치즈 계란 마요네즈 머스타드 설탕 후추 톡톡톡 양파 스위트칠리소스
계란,삶기, 계란 굵은소금 식초 
홍어무침비빔국수,삶기, 민들레국수 상추 홍어 회무침 고추장 식초 설탕 깨 참기름 
파피요트,삶기, 대구살 소금 올리브유 화이트와인 방울토마토 레몬 버터 아스파라거스 타임 로즈마리 감자 
카스도스,삶기,필수 카스텔라 달걀 노른자 물엿 설탕 코코넛가루 잣가루 콩가루 
단호박샐러드,삶기, 단호박 고구마 브로콜리 두부 우유 올리고당 소금 
닭죽,삶기, 닭 대파 마늘 양파 물 부추 장 굵은 고추가루 뜨거운물 다진마늘 연겨자 진간장 식초 설탕 닭죽 찹쌀 참기름 애호박 당근 
계란샌드위치,삶기, 식빵 계란 마요네즈 소금 후추 생크림 
차슈,삶기, 삼겹살 간장 물 청주 또는 맛술 설탕 후추 통마늘 월계수잎 
수육,삶기, 돼지앞다리살 펩시 콜라 물 된장 간장 월계수잎 통후추 마늘 양파 대파 
매쉬드포테이토,삶기, 감자 버터 우유 소금 톡톡톡 후추 톡톡톡
감자야채고로케,삶기, 감자 양파 당근 식용유 밑간 소금 후추 
꼬막양념장,삶기, 삶은꼬막 양조간장 다진마늘 썬파 미나리 홍고추 청고추 식초 고춧가루 매실액 천연조미료해물육수 참기름 통깨 
무청시래기,삶기, 생무청 소금 
수육,삶기, 돼지고기 수육용 무 양파 대파 마늘 생강 월계수잎 된장 맛술 다진마늘 다진생강 진간장 후추 
수육,삶기, 돼지고기 물 양파 대파 사과 생강 된장 알 커피 
닭가슴살부추딤섬,삶기, 닭가슴살 두부 부추 양파 라이스페이퍼 밑간 간장 참기름 후추 
돼지보쌈,삶기, 돼지고기 삽겹살 목살 된장 양파 무 배 파채 장 고추가루 설탕 매실청 마늘 멸치액젓 소금 
수육,삶기, 돼지 앞다리살 커피가루 카레가루 된장 헛개나무 
수육,삶기, 돼지고기 대파 통마늘 월계수잎 청양고추 알배기배추 굴 된장 커피 후추
수육,삶기, 수육용 돼지앞다리살 집된장 소주 알커피 마늘 선택사항 월계수잎 선택사항 생강 선택사항
수육,삶기, 돼지고기 삼겹 물 집된장 후추 소주 월계수잎 
미트볼스파게티,삶기, 스파게티면 양파 느타리버섯 피망 후추 토마토스파게티 미트볼
수육,삶기, 돼지고기앞다리살 된장 생강청 커피가루 
고구마인절미,삶기, 고구마 라이스페이퍼 크린베리 해바라기씨 콩가루 
메주,삶기, 대두콩 물 볏짚 
감자샐러드,삶기, 메시드포테이토 분말 키위 파프리카 딸기데코팬 마요네즈 설탕 
계란샌드위치,삶기, 계란 핫도그빵 머스타드 마요네즈 소금 
수육,삶기,수육 삼겹살 된장 소금 대파 양파 사과 마늘 생강 마늘 크기 파뿌리 준비한 대파 뿌리 청양고추 통후추 월계수잎 물 소주 무김치 무 대파 다진마늘 다진생강 한 꼬집 고춧가루 소금 설탕 식초 통깨 
고구마치즈볼,삶기, 고구마 큰것 연유 마요네즈 아몬드 캐슈넛 파르메산치즈 파르메산치즈가루 오레가노 슬라이스 체다치즈 타임 
화분샐러드,삶기, 햄 빨강파프리카 노랑파프리카 오이 삶은계란 마요네즈 후추 
삼합,삶기, 수육용 돼지앞다리살 홍어회 김장김치 김치소 미나리 된장 
무수분수육,삶기, 삼겹살 목살 양파 대파 통마늘 통후추 월계수잎 된장 미림 
콜라수육,삶기, 돼지고기 앞다리살 콜라 간장 통후추 양파 통마늘 
스터프드메추리알,삶기, 메추리알 마요네즈 플레인요구르트 홀그레인 머스터드 소금 토핑 건 파슬리 견과류 
수육,삶기, 수육용 고리 통마늘 대파 커피 된장 후추 소주 
토마토소스,삶기, 리카토니 돼지고기 다짐육 양파 버섯 애호박 페페론치노 스파게티 소스 케찹 진간장 식초 후추 톡톡톡
랍스터,삶기, 자숙랍스터 
김치만두,삶기, 묵은김치 두부 대파 마늘 깨 밀가루
삼겹살수육,삶기, 삼겹살 맥주 깐마늘 생강 인스턴트커피 
수육,삶기, 통삼겹살 물 통마늘 대파 양파 생강 월계수잎 소주 종이컵 통후추 맛술 된장 소금 커피 
모짜치즈고구마,삶기, 고구마 모짜렐라치즈 꿀 맘대로
수육,삶기, 돼지고기앞다리살 소주 월계수잎 양파 통마늘 파 무 후추 톡톡 된장 간장 김장김치 
두부삼합,삶기, 보쌈용 돼지고기 된장 팔각 소주 두부 식초 소금 
라볶이,삶기, 라면사리 대파 어묵 고추장 국간장 고춧가루 설탕 
바베큐폭립,삶기, 등갈비 돈가스 칠리소스 바베큐소스 물엿 미림 다진양파 취향에맞는야채
팥떡,삶기, 찹쌀 맵쌀 팥 설탕 소금
당근후무스,삶기,후무스 병아리콩 당근 올리브유 죽염 마늘 레몬즙 타히니소스 참깨 올리브유 
꼬막비빔밥,삶기, 새꼬막 쪽파 상추 당근 꼬막 해감 굵은소금 꼬막 삶기 간장 맛술 장 간장 멸치액젓 고춧가루 매실청 다진마늘 황설탕 다진생강 맛술 다진청양고추 후추 다진 파 참기름 깨 
소면,삶기, 소면 
수육,삶기, 돼지고기 앞다리살 된장 크게 맛술 통후추 월계수잎 파뿌리 양파 청양고추 말린것 물 
모닝빵계란샌드위치,삶기, 모닝빵 계란 머스타드 마요네즈 후추 파슬리가루 
반숙계란,삶기, 계란 소금 식초 물
수육,삶기, 돼지고기 마늘 파 양파 통후추 된장 
수비드닭가슴살,삶기, 닭고기 올리브유 허브솔트 
안심롤스테이크,삶기,돼지안심스테이크 안심 베이컨 소금 후추 올리브유 버터 스테이크 소스 양파 양송이버섯 돈가스소스 토마토소스 우스터소스 다진마늘 물 에그볼 삶은 달걀 다진돼지고기 다진대파 파마산치즈가루 후추 마요네즈 쪽파 케찹 돈가스소스 
스터프트에그,삶기, 달걀 양파 당근 피망 햄 씩 마요네즈 허니머스터드 소금 후추 
돼지고기수육,삶기, 수육용 돼지고기 파뿌리 파 양파 통마늘 말린대추 말린 인삼 된장 월계수잎 통후추 
통삼겹맥주수육,삶기, 통삼겹살 양파 파 청양고추 통마늘 된장 월계수잎 정도 통후추 정도 맥주 피쳐
유자마늘보쌈,삶기, 돼지고기앞다리 홍삼액 마늘 생강 된장 유자마늘소스 유자청 마늘 
흑돼지보쌈,삶기, 돼지고기 뒷다리살 새우젓 마늘 생강 통후추 파뿌리 무뿌리 된장 미향 바질 
계란,삶기, 계란 먹을만큼
꼬막,삶기, 꼬막 달래장
사과모양계란,삶기, 계란 작은 새싹잎 사과 꼭지 
돼지수육,삶기, 수육용 돼지고기 물 청주 된장 양파 대파 월계수잎 통마늘 통후추 생강 
넓은당면까르보나라,삶기, 오뚜기 넓은당면 양파 통마늘 크림소스 소금 후추 파슬리가루 
감자옹심이,삶기,감자옹심이 감자 감자전분 애호박 당근 파 청양고추 바지락 감자옹심이 육수 국물용 멸치 다시마 양파 황태 대파 
배추콩나물밥,삶기, 배추 콩나물 불고기 장 꽈리고추 청양고추 대파 양파 진간장 깨소금 참기름 고추가루 
수육,삶기, 삼겹살 양파 대파 마늘 통후추 커피가루 된장 월계수 잎 맛술 
무청시래기,삶기, 무청 식소다 
파인애플소면샐러드,삶기, 파인애플링 보리국수 귤 어린잎채소 마요네즈 소스 파인애플캔 국물 마요네즈 식초 레몬즙 소금 검정깨 후추 
사태수육,삶기, 사태 통후추 통마늘 팔각 소주 
소시지트리,삶기, 소시지 방울토마토 당근 큐브치즈 도구 쿠키틀 이쑤시개 
골뱅이숙회,삶기, 골뱅이 초장 와사비 
감자샐러드,삶기,감자샐러드 감자 달걀 아기 치즈 추가 새우 쌀식빵 식빵 가장자리 
계란마요샌드위치,삶기, 모닝 빵 계란 소금 후추 마요네즈 식초 선택 우유 연겨자 머스터드 소스 파슬리 가루 
국수,삶기, 소면 계란 당근 양파 익은김치 김가루 육수끓이기 다시멸치 작은줌 다시마 물 소금
리코타치즈스팸크림파스타,삶기, 파스타 면 생크림 우유 스팸 양파 마늘 브로콜리 양송이버섯 리코타치즈 파슬리가루 치즈가루 선택 소금 후추 식용유 
고구마견과볼,삶기, 밥 고구마 큰거 견과류 흑임자 가루 말차가루 
