CKG_NM,CKG_MTRL_CN
Vietnamese Pho Soup,"닭육수, 우동, 닭가슴살, 액젓, 청경채, 타이 바질, 고수, 파, 아니스 씨, 고수 씨, 마늘 정향, 양파, 생강 뿌리"
Vietnamese Peanut Sauce,"크리미한 땅콩 버터, 라이트 코코넛 밀크, 호이신 소스, 라임 주스, 다진 땅콩, 황설탕, 칠리 페퍼 및 마늘 소스"
Vietnamese Chicken Meatballs,"다진 닭고기, 생선 소스, 양파, 마늘, 레몬그라스, 다진 고수, 민트, 옥수수 전분, 코셔 소금, 후추, 알갱이 설탕"
Quick Vietnamese Beef and Noodle Pho,"쇠고기 라운드, 계피 스틱, 정향, 회향 씨앗, 고수 씨앗, 통후추, 양파, 신선한 생강, 식물성 기름, 쇠고기 육수, 생선 소스, 소금, 간 후추, 쌀국수, 녹두 콩나물, 신선한 민트, 고수, 바질 , 할라피뇨 칠리, 프레즈노 칠리, 라임, 스리라차 핫소스"
Easy Vietnamese Spring Roll,"쌀국수, 샐러드 채소, 라이스페이퍼, 민트, 홍고추"
Vietnamese Restaurant-Style Grilled Lemongrass Pork (Thit Heo Nuong Xa),"돼지 목살 스테이크, 연갈색 설탕, 다진 마늘, 샬롯, 레몬그라스, 후추, 진간장, 액젓, 기름"
Vietnamese Lemongrass Chicken,"닭다리살, 액젓, 백설탕, 옥수수 가루, 레몬그라스 줄기, 식물성 기름, 마늘 정향, 신선한 홍고추, 양파"
Vietnamese Fresh Spring Rolls,"쌀국수, 쌀, 신선한 민트 잎, 다진 신선한 고수, 양상추, 당근 스틱, 간장, 파, 말린 표고버섯, 땅콩, 참깨"
Vietnamese Caramel Chicken,"닭 날개, 흑설탕, 액젓, 간 후추, 흑설탕, 물, 액젓, 쌀식초, 마늘 정향, 생강, 고추, 기름, 파"
Authentic Vietnamese Beef Pho (Pho Bo),"소고기, 소꼬리, 물, 노란 양파, 생생강, 스타아니스, 정향, 통후추, 마늘, 무, 계피 스틱, 쪽파, 쌀국수, 액젓, 소금, 쌀국수, 등심 스테이크, 노란 양파, 파, 스리라차 칠리 소스, 호이신 소스, 고수 잎, 라임, 녹두 콩나물, 타이 바질 잎, 들깨 잎, 고수 잎, 청고추"
Grilled Vietnamese Chicken,"마늘 정향, 샬롯, 신선한 생강, 코코넛 밀크, 쌀 식초, 아시아 생선 소스, 간장, 단단하게 포장된 흑설탕, 닭가슴살 반쪽, 소금, 옥수수 기름, 잉글리시 오이"
Vietnamese Eggrolls,"스프링롤 페이스트리 래퍼, 간 돼지고기, 살코기 간 칠면조, 채 썬 양배추, 채 썬 당근, 노란 양파, 콩, 설탕, 액젓, 후춧가루, 옥수수 전분, 마늘 가루, 계란"
Pho {Vietnamese Beef Noodle Soup},"고수 씨, 계피 스틱, 스타 아니스, 정향, 쇠고기 국물, 생강, 파, 액젓, 흑설탕, 할라피뇨 고추, 쌀국수, 옆구리 스테이크, 콩나물, 파, 신선한 바질, 신선한 고수, 라임 웨지, 스리라차, 호이신 소스"
Fresh and Easy Vietnamese Noodle Salad,"당면, 당근, 오이, 파, 콩나물, 다진 고수, 액젓, 양념초, 설탕, 마늘, 다진 고추, 라임"
Vietnamese Pho Recipe (Vietnamese Beef Noodle Soup),"양파, 생강, 소 정강이, 소 양지머리, 팔각, 정향, 계피 스틱, 회향 씨앗, 고수 씨앗, 소금, 액젓, 암설탕, 국수, 등심, 양파, 파, 고수풀, 간 후추, 스피어민트, 타이 바질 , 고수, 콩나물, 버드아이칠리, 라임, 피시소스, 라임, 호이신소스, 스리라차"
Vietnamese Spring Rolls,"새우, 마른 쌀국수, 라이스 페이퍼, 보스턴 양상추, 신선한 민트 잎, 신선한 고수, 파"
Vietnamese Pho,"고수씨, 정향, 팔각, 수제 닭육수, 닭가슴살, 양파, 생강, 설탕, 액젓, 말린 쌀국수, 콩나물, 신선한 고수, 적양파, 라임, 스리라차 칠리 소스, 호이신 소스, 칠리 페퍼, 건조 무화과, 물, 브랜디, 다크 초콜릿, 호두, 완탕 포장지, 물, 페이스트리, 기름"
Vietnamese Cucumber Salad,"오이, 할라피뇨, 파, 마늘 정향, 소금, 고수 잎, 민트 잎, 구운 땅콩, 기름, 라임 주스, 막걸리 양념 식초, 액젓, 설탕, 소금"
Vietnamese Pork Bowl,"돼지고기 목살, 마늘, 샬롯, 레몬그라스, 설탕, 액젓, 간장, 참기름, 쌀 당면, 피클, 녹색 잎상추, 타이 바질, 민트 가지, 실란트로 가지, 얇게 썬 파, 캐슈넛, 웨지 라임, 할라피뇨, 생선 소스"
Shrimp Pho - Vietnamese Noodle Soup,"쌀국수, 고수씨, 정향, 통후추, 참기름, 생강뿌리, 고춧가루, 저염닭육수, 레몬껍질, 간장, 액젓, 라임즙, 호이신소스, 계피, 청경채, 새우, 양파, 할라피뇨, 고수, 라임 웨지, 호이신 소스, 스리라차, 콩나물, 타이 바질"
Vietnamese Zoodle Pho,"단 양파, 신선한 생강 뿌리, 마늘 정향, 팔각, 정향, 애호박, 큰 당근, 저염 닭 육수, 고수 씨, 세라노 칠레, 피시 소스, 둥글게 익은 스테이크, 파, 콩나물, 타이 바질 잎, 신선한 민트 잎, 라임 웨지"
Vietnamese Caramelized Ground Pork,"유럽산 오이, 쌀식초, 소금, 설탕, 레몬그라스, 다진 돼지고기, 땅콩기름, 양파, 다진마늘, 설탕, 액젓, 간 후추, 민트, 바질, 고수, 땅콩, 스리라차, 라임, 밥"
Simple Vietnamese Pork Noodle Bowl,"돼지고기 안심, 쌀국수, 코울슬로 믹스, 적양파, 닭육수, 액젓, 간장, 카놀라유, 바질잎, 라임"
Sticky Vietnamese Air Fryer Pork Ribs,"베이비백 포크 립, 액젓, 설탕, 마늘, 마늘, 신선한 고수, 신선한 민트"
Vietnamese Shrimp and Vegetable Summer Rolls,"쌀 당면, 부드러운 땅콩 버터, 물, 간장, 스위트 칠리 소스, 쌀 식초, 큰 당근, 큰 오이, 라이스 페이퍼, 중간 새우, 민트 잎"
Pho Ga Vietnamese Chicken Noodle Soup,"노란 양파, 신선한 생강, 닭고기, 닭고기 부위, 육수, 닭, 물, 스타아니스, 카다멈 꼬투리, 정향, 고수 씨, 사이공 계피, 통 후추, 터비나도 설탕, 생선 소스, 바다 소금, 치즈, 쌀국수, 익힌 것 닭고기, 노란 양파, 샬롯, 파, 다진 신선한 고수, 콩나물, 민트, 타이 바질, 잎, 세라노 고추, 라임, Sriracha"
Traditional Vietnamese Chicken Pho (Pho Ga),"노란 양파, 생강, 고수 씨, 회향 씨, 닭고기, 무, 소금, 닭고기 국물, 말린 가리비, 국수, 파, 고수, 튀긴 샬롯, 액젓"
Bo Luc Lac (Vietnamese Shaking Beef),"소고기 등심, 다진마늘, 설탕, 굴소스, 액젓, 참기름, 간장, 쌀식초, 설탕, 소금, 라임, 코셔소금, 간후추, 적양파, 물냉이, 토마토, 식용유"
Vietnamese Chicken Salad with Rice Noodles,"세라노 고추, 마늘, 쌀식초, 황설탕, 액젓, 라임 주스, 식물성 기름, 순살, 껍질 없는 닭가슴살, 쌀국수, 큰 당근, 녹색 양배추, 고수 잎"
Vietnamese Spring Rolls with Slow-Cooked Pork,"돼지고기 등심 구이, 고수, 코셔 소금, 갓 갈은 후추, 오렌지 주스, 저염 닭육수, 액젓, 마늘, 생강, 노란 양파, 오렌지, 자두 소스, 생강, 액젓, 스프링롤 포장지, 당근 중간 크기, 영국식 오이, 빨간 피망, 아기 시금치, 민트 잎, 신선한 바질"
Vietnamese Chicken Vermicelli Salad,"닭가슴살, 설탕, 쪽파, 저염간장, 액젓, 올리브유, 미지근한 물, 액젓, 라임즙, 설탕, 막걸리식초, 타이칠리, 마늘 정향, 오이, 당근 채썰기, 당면, 상추 , 오이, 당근, 구운 땅콩, 실란트로, 민트 잎"
Vietnamese Healthy Spring Rolls With Peanut Butter Sauce,"스프링롤, 새우, 오이, 작은 당근, 메밀국수, 빙산 양상추, 고수, 신선한 민트 잎, 아보카도 오일, 간장, 라이스 페이퍼 랩, 소금, 땅콩 버터, 간장, 칠리 마늘 페이스트, 옥수수 전분, 물"
Pho (Vietnamese Noodle Soup),"흰 양파, 신선한 생강, 스타아니스, 정향, 계피 스틱, 카다멈 꼬투리, 통고수 씨, 쇠고기 육수, 흑설탕, 생선 소스, 바다소금, 스테이크, 쌀국수, 신선한 허브, 콩나물, 라임 웨지, 고추, 양파"
Vietnamese Coffee,"커피, 연유, 끓는 물"
Vietnamese Salad,"셀로판 국수, 카놀라유, 마늘, 신선한 홍고추, 닭가슴살, 빙산 양상추, 중간 당근, 적고추, 적양파, 신선한 민트 잎, 고수 잎, 베트남 디핑 소스, 기름"
Vegetable Vietnamese Spring Rolls,"큰 당근, 빨간 피망, 아보카도, 망고, 오이, 할라피뇨, 아루굴라, 신선한 바질, 신선한 민트, 스프링롤 포장지, 소금에 절인 로스트 아몬드, 코코넛 밀크, 라임 주스, 간장, 꿀, 마늘"
Easy Vietnamese Pho,"저염 닭육수, 익힌 닭고기, 콩나물, 당면, 이탈리안 바질, 고수, 호이신 소스, 스리라차, 웨지 라임"
Vietnamese Style Grilled Lemongrass Pork,"돼지고기 목살, 마늘, 샬롯, 레몬그라스, 진한 간장, 생선 소스, 기름, 갓 간 후추, 꿀"
Vietnamese Chicken Salad,"치킨, 양배추, 자색 양배추, 채 썬 당근, 민트, 바질, 다진 고수, 파, 액젓, 라임, 물, 아보카도 오일, 사과식초, 감미료"
Vietnamese Chicken,"닭다리살, 라임, 간장, 생선 소스, 칠리 마늘 소스, 다진 마늘, 고수, 레몬그라스, 종려당, 식용유"
Vietnamese Baguette,"활성 건조 효모, 따뜻한 물, 표백하지 않은 다목적 밀가루, 소금, 설탕"
Vietnamese Coffee Mousse,"따뜻한 물, 인스턴트 에스프레소 가루, 무가미 젤라틴, 가당 연유, 바닐라 추출물, 생크림"
Vietnamese Caramelized Shrimp,"액젓, 흑설탕, 으깬 고춧가루, 물, 식물성 기름, 노란 양파, 마늘, 특대 새우, 파, 다진 생고수"
Vegetarian Vietnamese Pancakes,"쌀가루, 계란, 소금, 심황, 코코넛 밀크, 식물성 기름, 라임 주스, 구운 참기름, 황설탕, 막걸리 식초, 단 간장, 신선한 생강, 태국 칠레, 소금, 큰 당근, 무, 파, 태국 칠레, 완두콩, 태국 바질 잎, 민트 잎, 콩나물, 팽이버섯"
Vietnamese Dipping Sauce,"마늘, 칠리 페이스트, 액젓, 뜨거운 물, 신선한 라임 주스, 유기농 설탕, 잘게 썬 당근"
Vietnamese Steak Salad,"라임즙, 참기름, 액젓, 고수, 붉은 고추, 마늘, 레몬그라스, 베르미첼리 쌀국수, 등심 스테이크, 식용유, 소금, 샐러드용 잎, 오이, 중간 당근, 파, 붉은 고추, 라임 조각"
Vietnamese Bowl,"다진 돼지고기, 빵가루, 큰 달걀, 다진 신선한 고수, 다진 마늘, 생강, 코셔 소금, 간 후추, 무염 버터, 바스마티 쌀, 물, 치킨 베이스, 소금, 후추, 사과 사이다 식초, 간장, 황설탕, 칠레 고추, 생강, 코셔 소금, 야채 슬로, 할라피뇨, 다진 고수, 계란"
Vietnamese Rolls,"바게트, 돼지고기, 대파, 오이, 당근장아찌, 무, 고수, 민트잎, 홍고추, 마요네즈, 쪽파, 레몬즙"
Vietnamese Meatballs,"갈은 돼지고기, 다진 고수, 마늘, 생선 소스, 스리라차, 레몬그라스, 신선한 생강, 레몬 제스트, 레몬, 스테이크, 버터, 디종 머스타드, 우스터셔 소스, 헤비 크림, 레몬 주스, 버섯"
Vietnamese Grilled Chicken Vermicelli Bowl,"마늘, 샬롯, 파, 레몬그라스, 고수, 황설탕, 꿀, 액젓, 간장, 닭가슴살, 당근, 오이, 쌀식초, 설탕, 소금, 라임, 액젓, 설탕, 따뜻한 물, 고추장, 식물성 기름 , scallions, 당면, 녹색 잎 양상추, 고수, 콩나물, 구운 땅콩"
Classic Vietnamese Dipping Sauce,"라임 주스, 설탕, 생선 소스, 태국 고추, 마늘"
Vietnamese Beef Pho,"소고기 살코기, 양파, 저염우육수, 액젓, 생강, 시나몬 스틱, 설탕, 스타아니스, 정향, 소금, 통후추, 순살 스테이크, 넓은 쌀국수, 다진 고수, 파, 콩나물, 이탈리안 바질 , 라임 웨지, 호이신 소스, 스리라차 소스"
Grilled Vietnamese Pork Chops,"돼지등심, 레몬그라스, 마늘, 황설탕, 굴소스, 액젓, 진간장, 파, 후추, 기름, 미나리"
Vietnamese Bo Luc Lac,"소고기 등심, 다진마늘, 설탕, 굴소스, 액젓, 참기름, 간장, 쌀식초, 설탕, 소금, 라임, 코셔소금, 간후추, 적양파, 빙산, 토마토, 식용유"
Suon Nuong (Vietnamese Pork Chops),"설탕, 얇게 썬 샬롯, 레몬그라스, 땅콩 기름, 간장, 생선 소스, 간 후추, 마늘, 돼지고기, 흰 쌀밥, 누옥 참"
Grilled Vietnamese Shrimp Noodle Bowl,"쌀 당면, 물, 과립 설탕, 신선한 라임 주스, 쌀 식초, 생선 소스, 세라노 고추, 녹색 잎 상추, 오이 절임, 고수 잎, 타이 바질 잎, 민트 잎, 옥수수 전분, 흑설탕, 소금, 백 후추, 큰 새우, 카놀라유, 파, 마늘, 무염 건조 볶은 땅콩"
Vietnamese Spring Rolls (Cha Gio),"간 돼지고기, 새우, 게살, 채썬 당근, 녹두국수, 마늘, 샬롯, 간 후추, 액젓, 소금, 작은 계란, 베트남식 라이스 페이퍼"
Vietnamese Beef Pho’,"양파, 신선한 생강, 물, 쇠고기 양지머리, 마늘 정향, 설탕, 검은 후추 열매, 생선 소스, 스타 아니스, 전체 정향, 카 다몬 꼬투리, 계피 스틱, 회향 씨앗, 고수 씨앗, 바다 소금, 생선 소스, 쌀국수, 콩나물 , 흰 양파, 신선한 실란트로, 민트 잎, 타이 바질, 파, 타이 칠레, 라임"
Vietnamese Sunbathing Prawns,"새우, 프레즈노 칠리, 마늘, 그래뉴당, 코셔 소금, 카놀라유, 올리브유, 락사잎, 라임"
Pho Ga (Vietnamese Chicken Noodle Soup),"닭고기 육수, 노란 양파, 생강, 코셔 소금, 통후추, 고수 씨, 아니스 씨, 레몬그라스, 마늘 정향, 말린 쌀국수, 호이신 소스, 로티세리 치킨, 샬롯, 식물성 기름, 타이 칠레, 파, 실란트로 잎, 라임, 콩나물"
Vietnamese Spring Roll Sauce,"액젓, 쌀식초, 물, 스플렌다 무칼로리 감미료, 마늘가루, 건고추"
Easy Vegan Vietnamese Pho Soup,"팔각, 정향, 계피 스틱, 올스파이스, 고수, 레몬그라스, 신선한 생강, 양파, 마늘, 마른 표고버섯, 된장, 간장, 야채 육수, 물, 쌀국수, 버섯, 청경채, 당근, 신선한 시금치, 완두콩, 파, 라임 조각, 핫 칠리 페퍼, 민트 잎, 타이 바질 잎, 실란트로, 갓 간 후추"
Vietnamese Watermelon Salad,"수박, 천일염, 쌀 식초, 신선한 바질, 신선한 민트, 신선한 고수"
Veggie Pho (Vietnamese Noodle Soup),"계피 스틱, 아니스, 노란 양파, 파, 큰 마늘 정향, 신선한 생강, 당근, 야채 육수, 간장, 쌀국수, 브로콜리, 청경채, 눈 완두콩, 닭고기, 두부, 고춧가루"
Vietnamese Chicken and Cabbage Salad,"닭가슴살, 청양배추, 파, 당근, 라임즙, 액젓, 백설탕, 막걸리식초, 땅콩젓, 민트잎"
Vietnamese Chicken Noodle Soup,"라면, 치킨텐더, 라임즙, 간장, 액젓, 파프리카, 참기름, 생생강, 다진마늘, 치킨스톡, 물, 소금, 콩나물, 청경채, 타이칠리페퍼, 파채, 다진고수 , 후추"
VIETNAMESE GROUND PORK RICE NOODLE BOWL,"저염간장, 굴소스, 황설탕, 물, 옥수수전분, 식물성기름, 간 돼지고기, 레몬그라스, 다진양파, 마늘, 고춧가루, 후추, 오이, 중간당근, 쌀국수, 고수"
Vietnamese Beef Noodle Soup,"물, 소뼈, 생강, 계피, 레몬그라스, 스타아니스, 양파, 카다몸, 천일염, 설탕, 백식초, 샬롯, 청고추, 마늘, 홍고추, 천일염, 설탕, 파, 고수 잎, 라임, 아시안 바질 잎, 차이니즈 셀러리, 콩나물, 쇠고기 필레, 쌀국수, 샬롯"
Vietnamese Spring Rolls with Crispy Tofu,"당근, 신선한 고수, 신선한 민트, 당면, 쌀, 아몬드 버터, 저나트륨 간장, 황설탕, 신선한 라임 주스, 칠리 마늘 소스, 뜨거운 물, 두부, 참기름, 옥수수 전분, 디핑 소스, 저나트륨 간장 소스, 흑설탕"
Vietnamese Lemongrass Pork And Vermicelli Salad,"돼지고기 안심, 마늘, 생강, 다진 샬롯, 파, 레몬그라스, 다진 고수, 액젓, 꿀, 종려당, 간장, 후추, 중간 당근, 무, 백설탕, 물, 쌀식초, 소금, 액젓, 백설탕, 신선한 라임 주스, 따뜻한 물, 쌀 당면, 로메인, 롤, 새우, 타이 바질 잎, 민트, 고수, 구운 땅콩"
Avocado and Vietnamese Chicken Springs Rolls,"뼈없는 닭가슴살, 간장, 황설탕, 참기름, 생라임즙, 카레가루, 생강, 마늘, 당면, 아보카도, 생라임즙, 큰당근, 홍피망, 양상추, 파, 바질, 라이스페이퍼 포장지, 호이신, 땅콩버터, 스위트 타이 칠리 소스, 참기름, 으깬 고춧가루, 물"
Vietnamese Beef And Lettuce Wraps,"우둔살 스테이크, 붉은 고추, 레몬그라스, 마늘 정향, 진간장, 설탕, 파, 볶은 참기름, 쌀식초, 설탕, 레몬그라스, 마늘 정향, 라임, 당근, 콩나물, 붉은 고추, 쌀식초, 기름, 민트, 고수풀, 작은 보석 상추, 라임 웨지"
Vietnamese-Style Bahn Mi Burger,"당근, 무, 설탕, 소금, 쌀 식초, 갈은 돼지고기, 다진 쇠고기, 샬롯, 다진 고수, 생강, 마늘, 고추장, 호이신 소스, 생선 소스, 간장, 레몬 그라스, 롤빵, 드라이 셰리, 호이신, 고수 줄기, 할라피뇨, 칠리 페이스트"
Vietnamese Rice Noodle Salad Bowl,"신선한 라임 주스, 생선 소스, 연갈색 설탕, 물, 칠레, 마늘"
Bún Thịt Nướng (Vietnamese Grilled Pork with Rice Noodles),"간장, 액젓, 꿀, 흑설탕, 다진 샬롯, 레몬그라스, 다진 고수, 다진 생마늘, 파, 갓 간 후추, 돼지 어깨살, 중간 당근, 오이, 막걸리 식초, 그래뉴당, 액젓, 물, 입자가 굵은 설탕, 증류수 백 식초, 마늘 정향, 태국 고추, 카놀라유, scallions, 쌀국수, 상추, 콩나물, 신선한 고수, 볶은 땅콩"
Vietnamese Grilled Chicken Thighs,"닭다리살, 양념장, 간장, 액젓, 흑설탕, 다진 고수, 달콤한 바질, 매운 소스, 라임, 마늘, 식물성 기름, 갓 간 후추"
Vietnamese Style Chicken Noodle Soup,"닭고기, 닭육수, 마늘, 소금, 후추, 스파게티 면, 대파, 간장, 핫소스"
Phở Gà (Vietnamese Chicken Noodle Soup),"치킨, 스톡, 방목 닭, 양파, 마늘, 신선한 생강, 실란트, 스타 아니스, 정향, 계수 나무 껍질, 흰 후추, 노란 바위 설탕, 생선 소스, 소금, 국수, 양파, scallions, 다진 고수, 세라노 칠리 고추, 쌀 식초, 소금"
Vietnamese Shaking Beef (Bo Luc Lac),"등심, 다진마늘, 용설란, 굴소스, 액젓, 참기름, 간장, 쌀식초, 설탕, 코셔소금, 라임, 코셔소금, 간고추, 적양파, 물냉이잎, 토마토, 유채기름"
Soda Chanh (Vietnamese Lime Soda),"극상 설탕, 물, 신선한 민트, 라임 주스, 클럽 소다"
Korean Vietnamese spring rolls,"스프링롤 껍질, 밥, 녹두국수, 두부, 상추, 간장, 식초, 설탕, 적양파, 홍고추, 마늘, 고수"
Pho Bo (Vietnamese Beef Noodle Soup),"양파, 생강, 마늘, 무, 중간당근, 물, 소금, 설탕, 태국식 액젓, 소뼈, 소 정강이, 팔각, 계피 스틱, 콩나물, 쌀국수, 쇠고기 등심, 파, 고수, 양파, 후추, 쇠고기 등심"
Light and fresh Vietnamese rolls 0,"닭고기, 배추, 콩나물, 붉은 고추, 오이, 신선한 민트 잎, 고수 잎, 라임, 생선 소스, 라이스 페이퍼 라운드, 스위트 칠리 소스"
Vietnamese Caramelized Pork,"올리브 오일, 흑설탕, 마늘 소금, 양파 가루, 파프리카, 갓 간 후추, 고수, 돼지 안심, 설탕, 물, 물엿, 간장, 피쉬 소스, 신선한 생강, 레몬그라스, 갈릭 칠리 소스"
Vietnamese-Style Iced Coffee,"가당연유, 원두커피, 우유, 얼음"
Vietnamese Pork Chops,"흑설탕, 간장, 냉수, 액젓, 레몬그라스, 마늘, 샬롯, 갓 간 후추, 뼈가 있는 돼지 갈비, 기름, 끓는 물, 신선한 민트, 신선한 고수, 고추, 황설탕, 간장, 찬물 , 액젓, 레몬그라스, 마늘 정향, 잘게 썬 샬롯, 후추, 돼지 갈비, 지방, 지방, 뼈 있는 돼지 갈비, 기름, 돼지 갈비, 양념장, 끓는 물, 양념장, 끓는 물, 돼지 갈비, 소스, 칠리, 신선한 민트, 신선한 고수, 칠리"
Vietnamese Meatball Pho Noodle Soup (Pho Bo),"소고기 육수, 파, 다진 고수, 생강, 월계수 잎, 피망, 정향, 스타아니스, 검은 후추, 고수 씨, 사케, 다진 돼지고기, 호이신 소스, 빵가루, 액젓, 폰즈 소스, 꿀, 고운 천일염 , 검은 후추, 파, 다진 고수, 마늘, 식물성 기름, 쇠고기 육수, 미트볼, 말린 쌀국수, 고수 잎, 파, 세라노 고추, 호이신 소스, 콩나물"
Nước Mấm Chấm – Vietnamese Fish Sauce Dipping Sauce,"따뜻한 물, 생선 소스, 마늘, 설탕, 백식초, 레몬, 붉은 고추"
Vietnamese Pork Bun,"백설탕, 액젓, 마늘, 간장, 식물성 기름, 삼발올레크, 후추, 돼지등심, 당면, 당근, 오이 슬라이스, 파, 고수, 민트잎, 느억참, 물, 설탕, 라임, 삼발올레"
Vietnamese Pickles with Carrot and Daikon Radish (Do Chua),"당근, 무, 물, 설탕, 소금, 쌀식초"
Easy Pho Bo (Vietnamese Beef Noodle Soup),"쇠고기 육수, 라임, 베트남 피시 소스, 스타아니스 씨앗, 밥 스틱, 콩나물, 파, 고수, 쇠고기 등심, 바질 잎, 할라피뇨, 세라노 고추, 피쉬 소스, 스리라차 칠리 소스"
Vietnamese Iced Coffee | Ca Phe Sua Da,"각얼음, 가당 연유, 원두 커피, 분쇄 커피"
Vietnamese Flank Steak Salad,"신선한 생강, 간장, 아시아 피시 소스, 구운 참기름, 마늘 정향, 파, 샬롯, 태국 칠레, 라임, 측면 스테이크, 갓 갈은 후추, 소금, 비브 양상추, 로메인 양상추, 당근, 오이, 적양파, 신선한 바질, 신선한 민트, 신선한 고수, 셀로판 국수"
Che Chuoi - Vietnamese Banana Tapioca Pudding,"타피오카 펄, 코코넛 밀크, 물, 설탕, 바나나, 참깨, 망고"
Crispy Vietnamese Pancakes (Banh Xeo),"쌀가루, 강황, 천일염, 코코넛밀크, 물, 파, 식물성 기름, 닭요리, 작은당근, 콩, 고수, 민트잎, 상추잎, 드레싱, 액젓, 백식초, 설탕, 라임쥬스, 붉은고추 , 마늘 정향"
Vietnamese Tofu Spring Rolls,"단단한 두부, 배추, 잘게 썬 당근, 다진 신선한 고수, 다진 신선한 민트, 당면, 라이스페이퍼, 소스, 피넛버터, 간장, 스리라차, 호이신 소스, 라임, 뜨거운 물"
GOI CUON/ VIETNAMESE SPRING ROLL ( 12 spring rolls),"새우, 쌀 당면, 라이스 페이퍼, 콩나물, 강판 당근, 쌀 식초, 민트 잎, 부추, 고수 잎, 생 라임 주스, 액젓, 물, 쌀 식초, 설탕, 마늘, 새 칠레, 볶은 땅콩, 당근"
Vietnamese Shredded Chicken Salad,"치킨, 배추, 파, 성냥개비 당근, 빨간 피망, 다진 신선한 민트, 다진 신선한 고수, 땅콩, 신선한 라임 주스, Sriracha 소스, 마늘, 설탕, 생선 소스, 식물성 기름"
Vietnamese Salad (Side Dish),"청경채, 배추, 물냉이, 큰 당근, 잎, 잎, 잎, 오이, 캐슈넛, 갓 짜낸 라임 주스, 막걸리 식초, 간장, 액젓, 참기름, 꿀, 다진 마늘, 간 생강, 다진 샬롯"
"Garlic Noodle Recipe, Vietnamese Inspired","마늘, 파, 스파게티, 소금, 엑스트라 버진 올리브 오일, 간장, 파르미지아노 레지아노"
Spicy Vietnamese Beef Noodle Soup (Bún bò Huế),"족발, 생크, 샬롯, 레몬그라스, 오일, 칠레 플레이크, 레몬그라스, 롤빵, 물, 생선 소스, 소금, 당면, 고수, 파, 베트남 고수, 바나나 꽃, 라임, 레몬그라스"
Vietnamese Crispy Fish with Cilantro,"흰살 생선, 소금, 땅콩 기름, 양파, 생강, 설탕, 할라피뇨, 생선 소스, 물, 다진 고수, 라임"
Bo Kho (Spicy Vietnamese Beef Stew),"쇠고기 양지머리, 레몬그라스, 피시 소스, 마드라스 카레 가루, 신선한 생강, 사과 소스, 월계수 잎, 버터 기름, 노란 양파, 깍뚝썰기한 토마토, 스타아니스, 물, 당근, 코셔 소금, 다진 신선한 고수"
Vietnamese Summer Rolls with Spicy Peanut Dipping Sauce,"아보카도, 타이 바질, 고수, 당근, 보스턴 양상추, 라임, 페르시아 오이, 셀로판 국수, 땅콩 버터, 미림, 간장, 스리라차, 라이스 페이퍼 포장지"
Vietnamese Chicken Sandwich,"양배추, 당근, 닭고기, 무"
Thịt Kho Recipe - (Vietnamese Braised Pork with Eggs),"컨트리 스타일 돼지 갈비, 삶은 계란, 소다수, 간장, 액젓, 소금, 설탕"
Quick Vietnamese Iced Coffee,"가당 연유, 에스프레소, 얼음"
Vietnamese Chicken Pho,"양파, 생강, 계피 스틱, 팔각, 치킨, 천일염, 액젓, 쌀국수, 양파, 파, 콩, 타이 바질 잎, 라임 웨지, 붉은 고추"
Vietnamese Pomelo Salad,"소금, 큰 새우, 뼈와 껍질을 제거한 닭가슴살, 포멜로, 당근, 민트 잎, 다진 고수, 구운 땅콩, 샬롯, 피시 소스, 신선한 라임 주스, 물, 설탕, 마늘, 태국 칠레"
Vietnamese Duck Pho,"오리, 양파, 생강, 카다멈 꼬투리, 스타아니스 꼬투리, 고수 씨, 정향, 회향 씨, 설탕, 소금, 액젓, 오리 가슴살, 참기름, 국수, 양파, 생강, 콩나물, 고수, 고추"
vegetarian pho – Vietnamese noodle soup,"야채육수, 노란양파, 야생버섯, 마늘, 간장, 생생강, 황설탕, 막걸리식초, 간장후추, 생바질, 고수줄기, 당면, 당근채, 적삼채, 팽이버섯, 대파, 다진 고수, 신선한 바질 잎, 라임"
Ca Kho To Vietnamese Braised Fish in Clay Pot,"스테이크, 액젓, 흑설탕, 샬롯, 다진 마늘, 후추, 파, 캐러멜 소스, 코코넛 주스, 타이 칠리, 식용유"
Vietnamese Pork Noodle Bowl,"흑설탕, 액젓, 간장, 참기름, 마늘, 레몬그라스, 생강, 칠리소스, 파, 돼지갈비구이, 당면, 로메인상추, 영국오이, 성냥개비 당근, 콩나물, 민트잎, 다진고수, 구운 것 땅콩, 디핑 소스, 물, 액젓, 생 라임 주스, 막걸리 식초, 설탕, 타이 칠리, 마늘, 성냥개비 당근"
Vietnamese Spring Rolls with Peanut Sauce,"땅콩 소스, 타마리, 구운 참기름, 물, 땅콩 버터, 매운 갈색 겨자, 막걸리 식초, 신선한 생강, 꿀, 고춧가루, 스프링롤, 쌀국수, 새우, 간 당근, 녹두 콩나물, 오이, 양상추 잎, 양상추 잎, 민트 잎, 실란트로, 스프링롤 포장지"
Vietnamese Shaking Beef,"소고기, 다진마늘, 황설탕, 간장, 굴소스, 액젓, 라임즙, 옥수수전분, 갓 간 후추, 양파"
Vietnamese Clay Pot Fish,"설탕, 카놀라유, 마늘 정향, 샬롯, 껍질을 벗긴 신선한 생강, 태국 고추, 아시아 피시 소스, 간장, 흰살 생선 필레, 은대구, 갓 갈은 후추"
Vietnamese Cucumber Salad with Cilantro & Roasted Peanuts,"오이, 땅콩, 참깨, 파, 타이 레드 칠리, 마늘 정향, 쌀 식초, 아가베 시럽, 다진 신선한 민트, 다진 신선한 고수"
Vietnamese Beef and Green Bean Stir-fry,"스테이크, 간장, 막걸리, 옥수수 전분, 땅콩 기름, 마늘, 강낭콩, 물, 액젓, 간 후추"
Vietnamese Fresh Spring Roll-Gỏi Cuốn,"라이스 페이퍼 라운드, 양상추 잎, 버미첼리 쌀국수, 중간 새우, 순살 돼지고기, 콩나물, 오이, 당근, 고수, 민트, 타이 바질, 물, 잘게 썬 양파, 호이신 소스, 매실 소스, 황설탕, 크리미 피넛버터 , 라임 쥬스"
Vegetarian Phở (Vietnamese Noodle Soup),"양파, 생생강, 계피스틱, 팔각, 정향, 고수씨, 무염야채육수, 타마리소스, 중간당근, 쌀국수, 두부, 두부, 두부껍질, 두부껍질, 세이탄, 버섯, 야채, 배추, 배추, 브로콜리, 양파, 파, 고추, 라임, 콩나물, 허브, 호이신 소스, 스리라차"
Vietnamese Spring Rolls – Chả Giò,"녹두국수, 건표고버섯, 다진 돼지고기, 쪽파, 마늘, 큰당근, 액젓, 설탕, 소금, 후추, 라이스페이퍼, 식물성기름, 생고수, 민트, 상추"
Authentic Vietnamese Caramelized Pork Belly (Thit Kho Tau),"삼겹살, 마늘 정향, 샬롯, 소금, 후추, 알갱이 설탕, 물, 식용유, 생선 소스, 코코넛 주스, 계란"
Vietnamese Shrimp Spring Rolls,"새우, 당면, 라이스페이퍼, 상추잎, 생민트잎, 튀긴 두부, 콩나물, 오이, 당근 채썰기, 돼지고기 안심"
Vietnamese Pork and Vermicelli Bowl,"마늘, 샬롯, 파, 레몬그라스, 실란트로, 황설탕, 꿀, 액젓, 간장, 돼지고기 안심, 당근, 오이, 쌀식초, 설탕, 소금, 라임, 액젓, 설탕, 따뜻한 물, 고추장, 식물성 기름 , 파, 당면, 보스턴 양상추, 고수, 콩나물, 볶은 땅콩"
Banh Xeo (Vietnamese Pancake),"쌀가루, 옥수수 전분, 강황 가루, 소금, 무가당 코코넛 밀크, 물, 껍질을 벗긴 새우, 녹두 콩나물, 양파, 파, 액젓, 종려당, 냉수, 신선한 라임 주스, 채 썬 당근, 다진 마늘, 땅콩 기름, 보스턴 양상추 잎, 신선한 민트, 신선한 고수, 칠레 소스"
Vietnamese Caramelized Pork (Thit kho to),"설탕, 물, 액젓, 삼겹살, 소금, 쪽파, 파, 쌀"
Authentic Pho Ga (Vietnamese Chicken Noodle Soup),"닭고기, 생강, 샬롯, 계수나무 껍질, 계수나무 껍질, 계피 스틱, 스타아니스, 고수 씨, 블랙 카다멈 꼬투리, 쌀 식초, 소금, 액젓, 물, 쌀국수, 파, 양파, 간 후추, 칠리 페퍼, 라임 웨지"
"Vietnamese Fried Egg Banh Mi Recipe (Banh Mi Trung Op La)- ""The Bang Me""","프렌치 바게트, 냉햄, 속살, 계란, 당근 피클, 신선한 고수, 간장, 파테, 마요네즈, 고추, 오이"
Vietnamese Coffee Popsicles,"커피, 가당 연유"
Vietnamese Beef Stew,"쇠고기 정강이, 샬롯, 청고추, 토마토, 버터넛 스쿼시, 당근, 토마토 페이스트, 계피 스틱, 스타아니스, 쇠고기 육수, 식용유, 중국 오향분말, 간 후추, 레몬그라스, 큰 마늘 정향, 코코넛 아미노, 생꿀"
Vietnamese Beef Salad,"쇠고기, 라임, 소금, 후추, 양상추, 당근, 적양파, 큰 토마토, 오이, 고수, 민트, 바질, 간장, 신선한 라임 주스, 액젓, 막걸리 식초, 황설탕"
Vietnamese Fried Banana,"바나나, 다목적 밀가루, 물, 설탕, 럼주, 기름"
Vietnamese Vermicelli Salad,"당면, 파니르, 당근, 오이, 칠리, 피망, 라임 주스, 소금, 설탕, 간장, 정향, 소금, 홍고추, 라임 주스"
Vietnamese Iced Coffee Recipe (Without the Vietnamese Coffee Filter),"추출한 에스프레소, 가당 연유, 각얼음"
Vietnamese Coffee Popsicles (Vegan),"끓는 물, 커피, 연유"
Vietnamese Soft Shell Crab,"꽃게살, 밀가루, 옥수수전분, 베이킹파우더, 강황가루, 코셔소금, 고춧가루, 중간계란, 막걸리식초, 밀맥주, 카놀라유, 소스, 상추, 고수, 민트, 콩나물"
Vietnamese Bun Cha with Crispy Tofu,"아보카도 오일, 단단한 두부, 호이신 소스, 스위트 칠리 소스, 스리라차, 양파, 소금, 샐러드, 현미 국수, 시금치, 당근, 오이, 파, 민트 잎, 타이 바질 잎, 드레싱, 꿀, 간장, 쌀식초 , 라임 주스, 참기름, 레몬그라스, 마늘 정향, 생강, 칠리 플레이크"
Vietnamese Avocado Shake,"아보카도, 각얼음, 가당 연유, 우유"
Vietnamese Vegan Banh Mi Spring Rolls,"스프링 롤 포장지, 쌀국수, 오이, 절인 야채, 신선한 고수, 타이 스위트 칠리 소스, 호이신 소스, 쌀 식초, 간장"
How To Make Vietnamese Spring Rolls,"라이스페이퍼, 익힌 새우, 양상추, 버미첼리 쌀국수, 아보카도, 적양배추, 채 썬 당근, 고수, 호이신 소스, 간장, 쌀식초, 참기름, 땅콩"
Vietnamese Sandwich Banh Mi,"프렌치 바게트, 당근, 무, 화이트 와인 식초, 마요네즈, 타이 레드 커리 페이스트, 파테, 오이, 신선한 고수, 편육, 칠리 페퍼"
Vietnamese Beef Stew – Bò Kho,"순살 목살구이, 식용유, 노란양파, 마늘, 으깬토마토, 소금, 스타아니스, 카레가루, 물, 당근, 타이바질, 레몬그라스, 액젓, 중국5호분말, 다진생강, 흑설탕, 월계수잎"
Vietnamese Fried Chicken,"따뜻한 물, 마늘, 입자가 굵은 설탕, 코셔 소금, 생선 소스, 드럼통, 쌀가루, 식물성 기름, 마늘, 흑설탕, 물, 생선 소스, 매운 소스, 간 생강, 라임 주스, 소금, 고수, 라임 웨지"
Vietnamese One Pot Beef and Pumpkin Stew,"뼈없는 쇠고기 목살, 다용도 밀가루, 레몬그라스 줄기, 마늘 정향, 간장, 흑설탕, 다진 생강, 올리브 오일, 양파, 할라피뇨 고추, 월계수 잎, 신선한 토마토, 토마토 페이스트, 버터넛 스쿼시, 당근, 쇠고기 육수, 올리브 오일, 신선한 바질 잎, 소금, 후추"
Gơi Chay (Vietnamese Vegetarian Salad),"아주 단단한 두부, 식물성 기름, 신선한 레몬 주스, 간장, 마늘, 세라노 고추, 녹색 양배추, 당근, 허브, 쌀국수, 땅콩"
Sous Vide Vietnamese Short Ribs,"순살 갈비, 생강, 마늘, 샬롯, 파프리카"
Quick Vegan Vietnamese Salad,"샬롯, 작은 당근, 고수, 콩나물, 코코넛 오일, 참기름, 갈색 버섯, 느타리버섯, 타마리, 당면, 튀긴 양파, 타마리, 현미식초, 참기름, 고추, 생강, 구운 참깨, 소금"
Quick Vietnamese Chicken Pho,"건쌀국수, 베이스, 고수씨, 정향, 팔각, 닭육수, 닭가슴살, 양파, 생강, 설탕, 액젓, 콩나물, 고수, 적양파, 라임, 칠리소스, 호이신소스, 칠리페퍼"
Crock Pot Pho (Vietnamese Beef Noodle Soup),"사골, 양파, 생강뿌리, 정향, 스타아니스, 시나몬 스틱, 카다멈 꼬투리, 고수풀, 회향, 소금, 설탕, 액젓, 물, 쌀국수, 소고기 스테이크, 파, 콩나물, 라임, 붉은 고추, 신선한 민트"
Diane's Vietnamese Fried Chicken,"닭다리살, 식용유, 액젓, 황설탕, 쌀식초, 마늘, 통후추, 중력분, 베이킹파우더, 찬물, 식용유"
Vietnamese Grilled Pork with Noodles (Bún Thịt Nướng),"돼지고기 어깨살, 생마늘, 레몬그라스, 파, 고수, 설탕, 액젓, 진한 간장, 진한 참기름, 간 후추, 스파게티, 콩나물, 신선한 고수, 파, 오이, 신선한 민트 잎, 당근 절임 , 볶은 땅콩, 마늘, 타이 버드 칠레, 백식초, 액젓, 그라뉴당, 물, 대당근, 식초, 설탕, 식염, 물"
Vietnamese-Inspired Rice Crisps,"당근, 무, 땅콩, 다진 고수, 샬롯, 민트, 할라피뇨, 라임 주스, 쌀 식초, 코셔 소금, 설탕, 매우 단단한 두부, 간장, 식물성 기름, 참기름, 레몬그라스, 마늘, 라이스 페이퍼 포장지, 식물성 기름, 땅콩, 민트 잎, 호이신 소스"
Vietnamese Pork Bahn Mi Sandwiches,"돼지고기, 당근, 무, 오이, 할라피뇨 고추, 쌀식초, 물, 설탕, 마요네즈, 스리라차, 식빵, 고수"
Vietnamese Grilled Shrimp Spring Rolls,"새우, 올리브 오일, 라임, 라임 제스트, 코셔 소금, 갓 간 후추, 쌀 종이 포장지, 쌀국수, 빨간 피망, 당근, 오이, 양상추, 고수 잎, 타이 바질 잎, 민트 잎, 디핑 소스, 부드러운 땅콩 버터, 해선장, 마늘, 물, 설탕, 다진고추, 막걸리식초, 액젓, 라임즙, 다진마늘, 간당근, 설탕, 고춧가루"
Instant Pot Vietnamese Yogurt,"저온 살균 우유, 가당 연유, 플레인 요거트"
Vegan Vietnamese Noodle Salad,"두부, 간장, 참기름, 당근, 오이, 로메인, 바질, 고수, 쌀국수, 콩나물, 아보카도, 땅콩버터, 무가당 아몬드밀크, 라임, 간장, 참기름, 스리라차, 생강"
Pho Ga | Vietnamese Chicken Noodle Soup,"홈메이드 치킨 육수, 신선한 생강, 정향, 고수 씨, 스타아니스, 올스파이스 베리, 말린 쌀국수, 파, 신선한 고수, 흰 양파, 닭고기, 신선한 바질, 콩나물, 할라피뇨, 라임"
Vietnamese Pho Ga,"닭고기 육수, 냉수, 반포 쌀국수, 양파, 마늘 정향, 신선한 생강 뿌리, 신선한 고수, 레몬, 중국 향신료, 뼈와 껍질을 제거한 닭가슴살, 쌀국수, 파, 타이 바질, 녹두 콩나물, 웨지 라임, 할라피뇨 , 땅콩, 호이신 소스, 스리라차"
Vietnamese-Style Meatballs with Chili Sauce,"큰 계란, 생선 소스, 마늘, 신선한 생강, 으깬 고추 조각, 파, 라임 제스트, 고수 잎, 다진 신선한 민트, 살코기 갈은 쇠고기, 다진 돼지 고기, 일반 빵가루, 무염 땅콩, 아시안 칠리 소스, 간장, 생선 소스 , 라임 주스, 설탕"
Vietnamese Salmon Rolls,"물, 쌀 식초, 설탕, 생선 소스, 마늘, 칠리 마늘 소스, 연어 필레, 로메인 상추, 파, 튀긴 샬롯, 무염 땅콩, 스프링 롤, 코셔 소금, 간 후추, 엑스트라 버진 올리브 오일"
Vietnamese Fried Spring Rolls,"라이스페이퍼, 설탕, 식물성기름, 상추잎, 민트잎, 당면, 새우, 다진돼지고기, 쪽파, 계란, 액젓, 설탕, 백후추, 천일염, 액젓, 백식초, 설탕, 라임즙, 빨간 고추, 마늘 정향"
Vietnamese Curry Chicken,"식물성 기름, 순살, 껍질을 벗긴 닭다리살, 노란 양파, 마늘, 닭 육수, 코코넛 밀크, 레몬그라스, 월계수 잎, 카레 가루, 으깬 고추, 설탕, 소금, 후추 가루, 고구마, 당근, 장립종 백미 , 신선한 고수"
Ga Roti – Vietnamese Roasted Chicken,"콘월 암탉, 간장, 오향분, 꿀, 후추, 흰 후추, 참기름, 다진 마늘, 파, 식용유, 쌀, 토마토, 오이, 주스, 라임 웨지, 칠리 마늘 소스, 붉은 고추, 간장"
Vegan Vietnamese Noodle Soup (Pho),"정향, 스타아니스, 시나몬 스틱, 카다멈 꼬투리, 양파, 생강, 레몬그라스, 야채 육수, 라임, 신선한 고수, 당근, 쌀국수, 팽이버섯, 콩나물"
Fresh Vietnamese-Style Spring Rolls with Shrimp,"설탕, 물, 액젓, 라임, 붉은 고추, 참깨, 구운 것, 파, 로메인 상추, 민트, 고수, 콩나물, 땅콩, 오이, 당근, 쌀 스틱 국수, 요리 새우, 신선한 쪽파, 라이스 페이퍼"
Vietnamese Chicken Wings,"닭 날개, 마늘, 생선 소스, 설탕, 간 후추, 땅콩, 다진 고수"
Vietnamese Spring Rolls {a How-To},"순살 돼지갈비, 춘권, 콩나물, 빨간 피망, 영국 오이, 허브, 상추 잎, 따뜻한 물, 라임, 황설탕, 액젓, 마늘, 마늘 페이스트, 호이신 소스, 매끄러운 땅콩 버터, 쌀식초, 마늘 , 마늘 파스타"
Vietnamese Summer Roll Salad,"콩나물 국수, 코코넛 오일, 샬롯, 새우 껍질, 생선 소스, 쌀 식초, 생강, 붉은 고추, 꿀, 오이, 당근, 콩나물, 신선한 바질, 신선한 고수, 신선한 민트, 구운 땅콩, 웨지 라임"
Vietnamese Style Caramel Chicken,"순살, 껍질제거, 닭다리살, 닭육수, 흑설탕, 물, 액젓, 생생강, 마늘, 고춧가루"
Vietnamese Braised Pork Belly with Eggs (Thit Kho),"삼겹살, 계란, 샬롯, 마늘, 황설탕, 액젓, 간장, 코코넛 워터"
Bánh Mì – Vietnamese Sandwich,"삼겹살, 간장, 고추, 마늘, 참기름, 마기시즈닝소스, 해바라기유, 바게트, 마요네즈, 파테, 오이, 당근, 무, 고수, 소금, 설탕, 쌀식초"
Vietnamese-Style Steak,"마기 시즈닝 소스, 카놀라유, 간 후추, 마늘 정향, 등심 스테이크, 밥"
Classic Vietnamese Beef Pho,"스테이크, 쌀 스틱 누들, 콩, 양파, 파, 타이 바질 잎, 붉은 고추, 라임 웨지, 액젓, 육수, 큰 양파, 생강, 사골, 팔각, 정향, 계피 스틱, 설탕, 액젓, 천일염"
Vietnamese Fried Rice,"올리브유, 볶은 참기름, 단 양파, 당근, 마늘 정향, 계란, 옥수수, 완두콩, 남은 고기, 흰 쌀밥, 코코넛 아미노, 소금, 갓 간 후추"
Vietnamese Grilled Pork,"돼지고기 목살, 라임 웨지, 고수, 파, 레몬그라스, 흰 양파, 마늘, 타마리 소스, 생선 소스, 오렌지 주스, 올리브 오일, 꿀, 간 후추, 굵은 소금, 코코넛 설탕, 생선 소스, 따뜻한 물, 마늘, 잘게 썬 것 당근, 세라노 칠레"
Vietnamese Grilled Pork Balls,"재스민 라이스, 다진 돼지고기, 다진마늘, 액젓, 설탕, 소금, 후추"
Thit Heo Kho Trung (Vietnamese Braised Pork With Hard-Boiled Eggs),"돼지고기 꽁초, 삶은 계란, 마늘, 양파, 코코넛 주스, 느억맘, 소금, 간 후추"
Instant Pot Vietnamese Salmon,"올리브 오일, 연갈색 설탕, 아시아 피쉬 소스, 간장, 신선한 생강, 라임, 라임, 갓 갈은 후추, 껍질을 벗긴 연어 필레, 파, 고수 잎, 라임 조각"
Vietnamese Braised Fish,"연어 살코기, 백설탕, 물, 코코넛 워터, 액젓, 단 간장, 중간 양파, 마늘, 생강, 파, 붉은 고추, 간 흰 후추"
Dipping Sauces for Vietnamese Spring Rolls,"액젓, 라임, 설탕, 다진생강, 태국고추, 물, 소금, 후추, 해선장소스, 육수, 피넛버터, 다진마늘, 식물성기름, 설탕, 땅콩"
Vietnamese Xiu Mai Bun,"다진 돼지고기, 간 후추, 설탕, 간장, 마늘, 소금, 설탕, 물, 물, 물, 베트남 피쉬 소스, 설탕, 레몬그라스, 청고추, 당면, 오이, 당근, 민트, 땅콩, 빙산 양상추, 파"
Pho Ga Vietnamese Soup,"뼈 국물, 신선한 생강 뿌리, 마늘, 카다몸 간 것, 닭가슴살, 코코넛 아미노, 시나몬, 팔각, 중간 호박, 파, 소금, 후추, 콩나물, 바질 잎, 고수 잎, 라임 웨지, 핫 칠리 페퍼"
Vietnamese Chicken Pho - Pho Ga,"닭고기, 갈색 양파, 생강, 고수 뿌리, 뜨거운 물, 소금, 고수 씨앗, 회향 씨앗, 스타아니스, 계수나무 껍질, 검은 통후추, 감초 뿌리, 블랙 카다멈, 암설탕, 정향, 액젓, 쌀국수, 방목 닭 , 대파, 생강, 소금, 설탕, 액젓, 대파, 바질, 대파, 고수, 간고추, 콩나물, 라임, 고추, 해선장"
"Gỏi Cuốn, Vietnamese Summer Rolls","따뜻한 물, 설탕, 생선 소스, 라임 주스, 칠리, 마늘 정향, 당면, 샐러드 잎, 단 옥수수, 가지, 아보카도, 토마토, 피망, 오이, 당근, 바질 잎, 레몬 그라스, 허브, 민트, 고수풀, 망고, 튀긴 두부, 계란, 콩나물"
Vietnamese Steaks,"액젓, 라임, 황설탕, 꿀, 마늘, 신선한 생강, 할라피뇨 고추, 옆구리 스테이크, 오이, 무, 파, 당근, 쌀국수, 신선한 고수"
Fresh Vietnamese Spring Rolls with Peanut Sauce,"카놀라유, 양파, 돼지고기 안심, 고추가루, 설탕, 소금, 백식초, 새우젓, 잉글리시오이, 당근, 상추잎, 민트, 바질, 라이스페이퍼라운드, 당면, 해선장소스, 피넛버터, 물 , 라임 주스, 간장"
Vietnamese Steak Sandwiches,"신선한 라임 주스, 간장, 파, 신선한 생강, 고춧가루, 옆구리 스테이크, 마늘 정향, 설탕, 고춧가루, 쌀식초, 당근, 파, 고수잎, 히로롤"
Vietnamese Meatball Bowls,"미트볼, 다진 돼지고기, 레몬그라스, 마늘 정향, 스리라차, 액체 아미노, 옥수수 전분, 쌀, 콜리플라워 쌀, 강황, 바다 소금, 후추, 파, 야채 국물, 신선한 민트 잎, 고수 잎, 피망, 완두콩 꼬투리, 고추, 라임, 절인 야채"
Vietnamese Summer Rolls,"두부, 당면, 적양배추, 고추, 오이, 고수, 민트, 라이스페이퍼, 참기름, 간장, 파프리카, 생강가루, 마늘가루, 피넛버터, 라임, 황설탕, 간장, 된장"
Easy Vietnamese Pork Bun Bowls,"돼지고기 목살, 작은 노란 양파, 설탕, 액젓, 간장, 중성 식용유, 라임, 후추, 물, 설탕, 액젓, 라임, 으깬 고추, 양상추, 당면, 오이, 당근, 신선한 민트, 신선한 고수, 신선한 바질, 돼지고기, 다진 땅콩"
Vietnamese Iced Coffee,"추출한 에스프레소, 가당 연유, 각얼음"
Cheater Vietnamese Pho (Pho Bo),"골수뼈, 소고기 육수, 물, 중간 양파, 마늘 정향, 생강, 해선장 소스, 스타아니스, 정향 전체, 계피 스틱, 소금, 쌀국수, 쇠고기 등심, 콩나물, 고수, 라임, 할라피뇨"
Vietnamese Grilled Pork Skewers,"돼지고기 목살, 쪽파, 마늘, 레몬그라스, 캐러멜소스, 참기름, 액젓, 굴소스, 그래뉴당, 기름, 후추가루, 흰깨, 대나무"
Vietnamese Style Chicken Pho Soup,"닭육수, 생강, 시나몬, 스타아니스, 액젓, 쌀국수, 치킨텐더, 콩나물, 파, 신선한 바질잎, 라임, 타이칠리, 스리라차 핫소스"
Caramel Shrimp (Vietnamese Tom Rim),"새우, 샬롯, 파, 액젓, 후추, 수프, 설탕, 새우, 껍질, 새우 육수, 기름, 마늘, 샬롯, 액젓, 캐러멜 소스, 코셔 소금, 설탕, 후추, 파, 설탕, 물"
Vietnamese-Style Chicken & Noodle Salad,"라임즙, 쌀식초, 꿀, 레몬그라스, 액젓, 껍질을 벗긴 신선한 생강, 마늘, 올리브유, 순살, 껍질 없는 닭가슴살, 쌀국수, 올리브유, 배추, 빨간 피망, 채 썬 당근, 잉글리시 오이, 파, 다진 것 신선한 고수, 신선한 민트 잎"
Vietnamese Burgers,"백식초, 물, 설탕, 코셔 소금, 신선한 생강, 으깬 고추, 무, 당근, 다진 고수, 마요네즈, Sriracha, 갈은 쇠고기, 마늘, 레몬 그라스, 소금, 검은 후추, Ciabatta rolls"
Vietnamese Caramel Shrimp,"카놀라유, 마늘, 생강, 홍고추, 파, 새우, 캐러멜 소스, 액젓, 라임즙, 다진 고수"
Vietnamese Egg Rolls - Cha Gio,"소금, 후추, 액젓, 계란, 목이버섯, 뜨거운 물, 노란 양파, 파, 당근, 새우, 다진 돼지고기, 페이스트리, 계란 흰자, 식물성 기름, 생라임즙, 쌀식초, 설탕, 미지근한 물, 생선 소스, 세라노 칠리, 마늘"
Lemongrass Vietnamese Meatballs,"레몬 그라스 줄기, 실란트로, 작은 양파, 생강, 마늘 정향, 다진 돼지고기, 흑설탕, 생선 소스, 간장, 스리라차, 오일"
Bún Bò Xả Ớt - Vietnamese Lemongrass Beef,"소고기, 설탕, 생강, 마늘, 레몬그라스, 타이 칠리, 피시 소스, 굴 소스, 오일, 베르미첼리, 잉글리시 오이, 양상추, 라임, 고수, 민트, 튀긴 샬롯"
Vietnamese Grilled Pork Chops,"뼈가 있는 돼지 갈비, 오이, 중간 당근, 재스민 쌀, 생선 소스, 간장, 마늘 칠리 페이스트, 황설탕, 후추, 신선한 라임 주스, 샬롯, 마늘, 갈릭 칠리 소스, 설탕, 알갱이로 만든 마늘, 생선 소스, 신선한 라임 주스, 뜨거운 물"
Vietnamese-Style Pork Sandwich,"구운 돼지고기, 간장, 큰 마늘 정향, 생선 소스, 바게트, 마요네즈, 오이, 당근, 적양파, 칠리, 다진 신선한 고수"
Vietnamese Sandwich,"바게트, 파테, 오이, 단무지, 고수, 호이신 소스, 진한 간장 소스, 스리라차 소스, 라임, 마요네즈"
Vietnamese Coffee Frappe,"커피, 찬물, 끓인 커피, 가당 연유, 얼음 조각"
Vietnamese Pandan Waffles,"계란, 설탕, 코코넛 밀크, 베이킹 파우더, 다목적 밀가루, 타피오카 가루, 판단 추출물"
Vietnamese Rice Noodle Salad,"라임, 흑설탕, 마늘, 배추, 당근, 오이, 신선한 바질, 새 고추, 익힌 고기, 액젓, 쌀국수, 소금에 절인 땅콩"
Fresh Vietnamese Spring Rolls with Shrimp and/or Pork,"중간 크기의 새우, 식물성 기름, 순살 돼지 등심, 당면, 쌀국수, 양상추, 오이, 들깨, 신선한 허브, 민트, 아시안 바질, 베트남 고수, 라이스 페이퍼, 해선장, 피넛버터, 쌀식초, 참기름, 고추 후추와 마늘 소스"
Vietnamese Noodle Soup,"쌀국수, 익힌 닭고기, 칠면조 고기, 생강, 마늘 정향, 닭고기 육수, 간장, 생선 소스, 호이신 소스, 설탕, 라임 웨지, 고수, 민트, Sriracha"
Vietnamese Honeycomb Cake,"코코넛 밀크, 백설탕, 향료, 타피오카 가루, 단동 베이킹 파우더, 계란"
Vietnamese Chicken Noodle Bowls,"닭고기, 쌀 당면, 잉글리시 오이, 중간 당근, 채 썬 양상추, 콩나물, 신선한 허브, 라임 웨지, 다진 땅콩, 태국 새 고추, 따뜻한 물, 꿀, 라임 주스, 생선 소스, 마늘 정향, 태국 새 고추"
Vietnamese Noodle Bowls With Lemongrass Tofu,"마늘 정향, 생강, 간장, 라임 주스, 코코넛 설탕, 레몬그라스, 두부, 아보카도 오일, 올리브 오일, 라임 주스, 간장, 코코넛 설탕, 쌀국수, 양상추, 적양배추, 당근, 얇게 썬 오이, 고수, 라임, 참깨, 스리라차"
Vietnamese Fish Tacos,"강황, 신선한 생강, 마늘, 설탕, 액젓, 신선한 라임 주스, 소금, 후추, 가자미 필레, 파, 적양파, 방울토마토, 신선한 바질, 신선한 민트, 신선한 고수, 액젓, 신선한 라임 주스, 소금, 후추, 식물성 기름, 토르티야, 채 썬 양배추, 스리라차 소스"
Vietnamese Grilled Lemongrass Pork Chops,"레몬그라스, 저염간장, 굴소스, 꿀, 다진마늘, 다진샬롯, 후추, 돼지갈비, 식용유"
Pan Grilled Vietnamese Pork Chop,"뼈있는 돼지 갈비, 흰 양파, 마늘, 황설탕, 액젓, 쌀 식초, 식물성 기름, 간장, 후추, 기름, 라임 웨지, 파, 다진 고수, 샐러드, 오이, 토마토 슬라이스, 현미, 쿠스쿠스, 콜리플라워 라이스"
"Asian Quinoa Salad, Vietnamese Style","퀴노아, 붉은 잎 상추, 당근, 신선한 민트, 신선한 고수풀, 레몬그라스, scallions, 저나트륨 간장, 흰 설탕, 증류식 식초, 마늘, 태국 칠레"
Vietnamese Coconut Milk Waffles – Banh Kep La Dua,"계란, 코코넛밀크, 버터, 판단추출물, 쌀가루, 중력분, 설탕, 베이킹파우더, 소금, 식용유"
Anthony Bourdain- Inspired Vietnamese Mango Salad,"드레싱, 라임 주스, 저나트륨 타마리, 꿀, 타이 칠리, 마늘, 땅콩, 샐러드, 망고, 파, 캐슈넛, 고수"
Homemade Vietnamese Pho,"쇠고기, 냉수, 양파, 신선한 생강, 계피 스틱, 고수 씨앗, 회향 씨앗, 스타아니스, 정향, 카다몸 꼬투리, 소금, 생선 소스, 황설탕, 반포, 둥근 눈, 양파, 고수 잎, 신선한 민트 , 콩나물, 붉은 고추, 라임 웨지, 생선 소스, 호이신 소스"
Vietnamese Pork,"칠리 페퍼, 순살 돼지고기 목살 구이, 흑설탕, 간 후추, 양파, 마늘, 물, 액젓, 라임 주스, 통밀가루 토르티야, 메스클런, 오이, 당근 피클, 신선한 고수, 따뜻한 물, 백식초, 설탕, 소금, 당근"
Vietnamese Noodle Bowl (Bun),"당면, 식물성 기름, 삼발올렉, 큰 새우, 채 썬 양상추, 오이, 당근, 파, 다진 땅콩, 물, 백설탕, 액젓, 쌀식초, 마늘, 간장, 스리라차, 고추기름"
Vietnamese Cha Tom,"껍질을 벗긴 새우, 마늘, 암설탕, 알갱이 설탕, 계란 흰자, 쌀가루, 간 후추, 라드"
Vietnamese Cous Cous Salad,"쿠스쿠스, 당근, 갈은 소고기, 스리라차, 피시 소스, 꿀, 칠레, 로메인 하트, 오이, 민트, 다진 땅콩"
Vietnamese Soup,"쇠고기 정강이, 양파, 신선한 생강 뿌리, 팔각, 계피, 정향, 흰 통후추, 쌀국수, 소금, 참기름, 쇠고기 필레, 타이 바질, 고수, 민트, 녹두 콩나물, 칠레 고추, 라임, 타이 피시 소스"
Vietnamese Seafood Pho,"육수, 야채 육수, 물, 생강, 양파, 향신료, 액젓, 설탕, 소금, 국수, 새우, 게, 막국수, 타이 바질, 고수, 콩나물, 파, 라임, 소스"
Vietnamese - Style Spring Rolls,"닭고기, 설탕, 간장, 후추, 새우, 소금, 당면, 물, 식물성 기름, 다진 마늘, 물, 설탕, 호이신 소스, 피넛버터 크림, 땅콩, 갈릭 칠리 소스, 뜨거운 물, 설탕, 액젓, 라임, 다진 마늘, 새눈 칠리, 따뜻한 물, 라이스 페이퍼, 얇게 썬 오이, 얇게 썬 당근, 양상추, 타이 바질 잎, 고수, 민트, 쪽파"
"﻿Skinny, Crunchy, Vietnamese Chicken Salad","드레싱, 땅콩 버터, 신선한 라임 주스, 카이엔 고추, 로메인 상추, 양배추, 익힌 닭가슴살, 당근, 빨간 피망, 오이, 고수"
Vietnamese Meatball Noodle Bowl,"간 고기, 신선한 바질, 마늘 정향, 파, 액젓, 스리라차, 설탕, 옥수수 전분, 갓 간 후추, 굵은 소금, 얇게 썬 오이, 로메인 상추, 민트 잔가지, 타이 바질, 고수, 할라피뇨, 콩나물, 누억 참 , 쌀 스틱 국수, 땅콩, 갓 짜낸 라임 주스, 마늘 정향, 생선 소스, 설탕, 물, 레드 칠리 플레이크, 스위트 칠리 소스"
Vietnamese Clay Pot Chicken,"닭다리살, 간장, 물, 백식초, 액젓, 레몬즙, 땅콩기름, 흑설탕, 양파, 고추, 마늘, 생생강, 고수"
Healthy Vietnamese Pho Soup,"면, 양파, 생강, 마늘, 카놀라유, 코셔 소금, 후추, 치킨 스톡, 슬라이스 치킨, 액젓, 참기름, 콩나물, 파, 할라피뇨 고추, 호이신 소스, 글루텐, 스리라차 소스"
Vietnamese Hot Dog,"설탕,소금,백식초,당근,마요네즈,스리라차소스,레몬즙,오이,양파,고수,올비프핫도그,핫도그빵"
Vietnamese Lemongrass Pork Chops,"다진 레몬그라스, 저염간장, 굴소스, 꿀, 다진마늘, 다진쪽파, 후추, 돼지갈비, 식물성기름, 파, 식물성기름, 소금, 액젓, 설탕, 뜨거운 물, 라임즙, 곱게 다진마늘, 타이칠리, 고추장, 스리라차"
Banh Mi Bo Kho (Vietnamese Beef Stew),"무염버터, 등심, 노란양파, 할라피뇨, 스타아니스, 시나몬스틱, 황설탕, 저염육수, 당근, 소금, 바게트"
Vegan Bún Chay (Vietnamese Noodle Salad),"쌀 식초, 라임 주스, 코코넛 설탕, 버섯 간장, 레몬그라스, 마늘, 고추, 마기, 물, 쌀국수, 당근, 피망, 영국 오이, 고수 줄기, 타이 바질 잎, 민트 잎, 땅콩, 라임 웨지, 땅콩 기름, 단단한 두부, 버섯 간장, 참기름, 코코넛 슈가"
Vietnamese Pork Ribs,"돼지갈비, 쪽파, 마늘, 액젓, 설탕, 소금, 백후추, 물, 캐러멜소스, 설탕, 액젓, 물"
Vietnamese Caramelized Pork Belly Pasta,"설탕, 삼겹살, 물, 액젓, 샬롯, 양파, 후추, 스파게티, 익혀 물기를 뺀 파"
Vietnamese Coleslaw,"양배추, 파, 중간 당근, 고수, 타이 바질, 붉은 고추, 캐슈넛, 마늘 정향, 생강, 막걸리 식초, 레몬 주스, 액젓, 흰 설탕"
Vietnamese Grilled Chicken with Rice Vermicelli Noodles,"생라임즙, 액젓, 마늘, 칠리갈릭소스, 설탕, 카놀라유, 뼈없는 닭다리살, 물, 설탕, 칠리갈릭소스, 다진마늘, 액젓, 백식초, 생라임즙, 당근채, 오이, 양상추 , 고수 잎, 민트 잎, 쌀 당면"
Fresh Vietnamese Spring Rolls,"중간 새우, 당면, 큰 당근, 페르시안 오이, 빨간 피망, 민트 잎, 버터 레터스, 라이스 페이퍼, 따뜻한 물, 크리미 피넛버터, 여과수, 쌀식초, 간장, 메이플 시럽, 구운 참기름, 따뜻한 물 , 설탕, 생선 소스, 라임 주스, 고추, 정향, 해선장 소스, 여과수"
Vietnamese Yogurt,"가당 연유, 뜨거운 물, 전유, 하프 앤 하프, 그릭 요거트"
Vietnamese Baguette Recipe (Banh Mi Tay),"활성 드라이 이스트, 미지근한 물, 다용도 표백하지 않은 밀가루, 소금, 설탕"
Vietnamese Style Spring Rolls,"새우, 쌀국수, 소금, 후추, 참기름, 밥, 타이바질, 로메인상추잎, 당근, 오이, 갈릭칠리소스, 라임즙, 설탕, 간장, 참기름"
Sparkling Vietnamese Limeade,"알갱이 설탕, 뜨거운 물, 신선한 민트, 라임, 바다 소금, 탄산수"
Vietnamese Pork Sandwich Recipe Banh Mi,"돼지등심, 올리브유, 다진노란양파, 생강, 다진마늘, 피클링액, 물, 치킨베이스, 피시소스, 호이신소스, 소금, 후추, 마요네즈, 고수, 할라피뇨, 야채슬로, 바게트"
Vietnamese Style Chicken Wings,"물, 설탕, 생선 소스, 물, 라임 주스, 칠리 소스, 마늘, 닭 날개"
Vietnamese Lemongrass Pork Bowl,"다진 돼지 고기, 레몬 그라스 줄기, 식물성 기름, 작은 양파, 고추, 마늘 정향, 황설탕, 생선 소스, 진한 간장, 옥수수 가루, 간 후추, 고추, 다진 고수, 찐 쌀"
Vietnamese Dipping Sauce (Nước Mắm),"물, 설탕, 식초, 생선 소스, 라임, 마늘, 칠리"
Vietnamese-Style Summer Rolls with Dipping Sauce,"생라임즙, 쌀식초, 간장, 설탕, 칠리, 말린 표고버섯, 쌀국수, 버터상추잎, 채 썬 당근, 파, 고수 잎, 생 민트 잎, 중간 크기의 새우, 라이스 페이퍼"
Vietnamese Crepe,"닭다리살, 올리브유, 당근, 다진양파, 쌀가루, 강황, 물, 간장, 간장, 호이신소스, 칠리소스"
Vietnamese Crepes,"새우, 폭찹, 액젓, 겨자잎, 허브, 파, 옥수수, 쌀가루, 파, 사프란, 코코넛 밀크, 물, 액젓, 라임 주스, 물, 설탕, 말린 고추, 마늘 정향, 막걸리 식초"
Vietnamese Sizzling Crepes,"코코넛 밀크, 쌀가루, 물, 강황 가루, 식물성 기름, 중간 새우, 콩나물, 파, 다진 고수"
Vietnamese Slaw,"채 썬 양배추, 간 당근, 민트잎, 땅콩, 적양파, 라임, 액젓, 설탕, 삶은 계란"
Easy Vegan Vietnamese Curry,"기름, 마늘, 샬롯, 레몬그라스 줄기, 생강, 사테 페이스트, 튀긴 두부, 버섯, 간장, 당근, 타로, 브로콜리, 가지, 전지 코코넛 밀크, 물, 코코넛 설탕, 소금, 강황, 간 고수풀, 아니스, 라임 주스, 신선한 민트, 고수, 고추, 계피, 정향"
Vietnamese Bologna,"돼지고기 목살, 등심, 각얼음, 종려당, 소금, 마늘가루, 흑후추, 염지, 태국새고추, 바나나잎"
Vietnamese Noodles,"두부, 당면, 빨간 피망, 오이, 적양배추, 채 썬 당근, 파, 고수, 크리미 피넛버터, 쌀식초, 메이플 시럽, 물, 간장, 레몬그라스, 다진 생강, 마늘, 라임 웨지, 고수, 아시아 마늘 칠리 소스, 소금에 절인 땅콩"
Traditional Vietnamese Pho,"소 등심, 소꼬리, 쇠고기 정강이, 고수 씨앗, 회향 씨앗, 카다멈 씨앗, 팔각, 계피 스틱, 무, 노란 양파, 생강, 액젓, 국수, 콩나물, 파, 고수, 타이 바질, 할라피뇨 고추"
Vietnamese Tuna Burger,"양념쌀식초, 참기름, 흑설탕, 적양배추, 채썬당근, 브로콜리슬로, 다진고수, 다진신선한민트, 액젓, 순간장, 참치스테이크, 파, 판코빵가루, 햄버거빵"
One–pot Vietnamese Beef Stew,"쇠고기 정강이, 일반 밀가루, 중국 오향 가루, 갈은 후추, 레몬 그라스 줄기, 큰 마늘 정향, 간장, 종려당, 샬롯, 풋고추, 토마토, 토마토 페이스트, 당근, 계피 스틱, 스타 아니스, 카피르 라임 잎, 비프스톡, 단호박, 유채씨유, 바질잎"
Vietnamese Nachos,"갈은 쇠고기, 고춧가루, 소금, 후추, 액젓, 흑설탕, 채 썬 양배추, 할라피뇨, 고수, 마늘, 간장, 액젓, 흑설탕, 라임, 칩, 라임, Sriracha"
Vietnamese Bun Ga Xao,"쌀국수, 닭다리살, 파, 마늘, 상추잎, 잎, 타이바질잎, 채썬 당근, 스리라차칠리소스, 구운땅콩, 양파후레이크, 올리브오일, 콩나물, 피시소스"
Vietnamese Chicken And Noodle Salad,"카피르 라임 잎, 껍질을 벗긴 닭 가슴살 필레, 당면, 빨간 고추, 큰 당근, 완두콩, 배추, 파, 콩나물, 민트 잎, 고수 잎, 무염 땅콩, 스위트 칠리 소스, 액젓, 라임 주스, 참깨 기름, 큰 마늘 정향"
VIETNAMESE PHO NOODLES,"쇠고기 등심, 국수, 라임, 할라피뇨 고추, 콩나물, 민트, 양파, 생강, 골수, 소금, 설탕, 계피 스틱, 고수 씨앗, 회향 씨앗, 스타아니스, 카르다몬, 정향, 액젓, 물"
Vietnamese Cauliflower,"콜리플라워, 카놀라유, 샬롯, 마늘, 간장, 토마토, 작은 양파, 채소 육수, 레몬즙, 설탕, 파, 다진 고수"
Vietnamese Dressing,"신선한 생강, 그래뉴당, 마늘, 신선한 고수, 신선한 라임 주스, 쌀 식초, 아시안 피쉬 소스, 참깨, 꿀, 구운 땅콩"
Vietnamese Pizza,"마늘 정향, 아보카도 오일, 신선한 표고버섯, 굵은 천일염, 코코넛 아미노, 큰 계란, 파, 라이스 페이퍼, 케첩, 큐피 마요, 스리라차, 마이크로그린, 라임 웨지"
Healthy Vietnamese Rice Paper Rolls,"라이스페이퍼, 쌀국수, 닭가슴살, 구운땅콩, 민트잎, 굴소스, 상추잎, 당근, 오이"
Vietnamese Dipping Sauce (Nuoc Cham),"설탕, 따뜻한 물, 액젓, 백식초, 라임, 마늘, 타이 칠리 페퍼"
Vietnamese Duck Noodle Soup,"오리다리, 생강, 막걸리, 오향분말, 진간장, 다진 쪽파, 다진 마늘, 물, 대추야자, 구기자, 말린 표고버섯, 스타아니스, 카다몬 꼬투리, 고수씨, 간장, 진간장, 굴 소스, 마늘 정향, 샬롯, 생강, 양파, 설탕, 밀, 국수, 야채, 얇게 썬 파, 고수"
Vietnamese Tomato Rice,"흰쌀밥, 땅콩기름, 계란, 양파, 마늘, 토마토주스, 설탕, 토마토페이스트, 간장, 파, 갓 간 후추, 소금"
How to Make Vietnamese Coffee,"커피, 커피, 가당 연유"
Vietnamese Vermicelli Bowl,"닭고기, 레몬그라스, 양파, 마늘 정향, 코셔 소금, 설탕, 중국 오향, 기름, 당면, 빨간 피망, 잉글리시 오이, 무, 신선한 바질, 신선한 라임 주스, 액젓, 물, 설탕, 빨강 칠레"
Vietnamese Egg Soda (Soda Sữa Hột Gà),"가당 연유, 달걀 노른자, 클럽 소다, 얼음"
Vietnamese Egg Coffee,"커피, 달걀 노른자, 헤비 크림, 에리스리톨, 바닐라 추출물"
Vietnamese Herb Salad,"라임 주스, 설탕, 베트남 피쉬 소스, 칠레, 칠레, 신선한 민트 잎, 느슨하게 포장된 신선한 바질 잎, 다진 신선한 딜, 평평한 잎 파슬리 잎, 고수 잎, 적 양파, 셀러리, 구운 캐슈"
Vietnamese Caramelized Pork Bowls,"다진 돼지고기, 중성 기름, 다진 생강, 다진 마늘, 홍고추, 얇게 썬 샬롯, 흑설탕, 베트남 피쉬 소스, 라임, 라임, 파, 소금, 후추"
Vietnamese Zoodle Salad,"신선한 라임 주스, 생선 소스, 설탕, 애호박, 중간 크기 당근, 땅콩, 적양파, 신선한 바질 잎, 신선한 고수, 신선한 민트, 스리라차 소스"
Traditional Vietnamese Spring Rolls,"로스트아이, 마늘, 굴소스, 참기름, 후추, 코코넛오일, 새우, 흰양파, 막국수, 올리브오일, 라이스페이퍼, 상추, 오이, 고수, 식초, 설탕, 액젓, 따뜻한 물 , 칠리 마늘 소스"
Bo Kho Vietnamese Beef Stew,"소 정강이, 소 힘줄, 레몬그라스, 월계수 잎, 스타아니스 씨앗, 소고기 육수, 당근, 기름, 생강, 샬롯, 마늘, 레몬그라스, 파프리카, 액젓, 계피, 정향, 간 후추, 고춧가루, 설탕, 바게트, 타이 바질, 양파, 웨지 라임, 다진 실란트로, 파, 할라피뇨, 당면"
Vietnamese Pork Meatballs,"쌀국수, 미트볼, 다진 돼지고기, 오향분말, 코셔 소금, 액젓, 샬롯, 마늘 정향, 후추, 고수, 민트, 적상추, 타이 바질, 육수, 액젓, 물, 라임 주스, 흑설탕, 쌀식초, 콜라비"
Vietnamese Salmon Salad,"식물성 기름, 연어 필레, 물냉이, 붉은 고추, 박하 잎, 차조기 잎, 볶은 땅콩, 튀긴 샬롯, 천일염, 생선 소스, 백식초, 설탕, 라임 주스, 마늘 정향, 큰 당근, 무, 설탕, 식초, 천일염"
Vietnamese Pickled Vegetables,"쌀식초, 따뜻한 물, 꿀, 소금, 채 썬 당근, 무, 페르시안 오이"
Grilled Vietnamese Pork,"돼지고기, 레몬그라스, 액젓, 간장, 설탕, 마늘, 파"
Vietnamese Prawn Salad,"쌀 당면, 양념 쌀 식초, 캐스터 설탕, 큰 마늘 정향, 붉은 고추, 생선 소스, 라임, 오이, 민트, 고수, 왕새우, 캐슈넛"
Vietnamese Bánh Mì Sandwich,"구운 바게트, 뼈없는 돼지 등심, 소금, 후추, 올리브 오일, 간장, 중국 오향, 액젓, 마늘 정향, 당근, 무, 설탕, 소금, 따뜻한 물, 증류수 백 식초, 오이, 마요네즈, 신선한 민트, 신선한 고수, 할라피뇨, Sriracha"
Steamed Vietnamese Rolls,"카놀라유, 마늘, 샬롯, 작은 당근, 타이 칠리 페퍼, 파, 신선한 생강, 소금, 후추, 갈은 칠면조, 새우, 완탕, 콩나물, 신선한 바질, 디핑 소스, 스위트 칠리 소스, 삼발 올렉, 와인, 신선한 생강, 신선한 라임 주스, 간장, 신선한 바질"
Vietnamese Chicken Sandwich With Pickled Vegetables (Bánh Mì),"물, 쌀식초, 그래뉴당, 소금, 무, 당근, 오이, 뼈없는 닭가슴살, 마늘, 액젓, 저나트륨 간장, 설탕, 마요네즈, 라임 제스트, 스리라차, 바게트, 할라피뇨, 고수 잎"
Grilled Vietnamese Prawn,"새우, 샬롯, 다진 마늘, 다진 생강, 액젓, 꿀, 간장, 레몬, 레몬그라스, 엑스트라 버진 올리브 오일, 레드 칠리 플레이크, 소금, 후추, 물"
Vietnamese Salad Rolls,"스테이크, 쌀국수, 라이스 페이퍼, 잉글리시 오이, 버터 레터스, 타이 바질, 고수, 민트, 물, 피시 소스, 라임 주스, 설탕, 쌀식초, 고추"
Vietnamese Pork Mince,"다진 돼지고기, 다진 마늘, 레몬그라스, 양파, 파, 소금, 치킨 부용 가루, 설탕, 액젓, 설탕, 식용유, 다진 돼지 고기, 마늘 정향, 레몬그라스, 다진 양파, 파, 소금, 치킨 부용 가루, 설탕 , 액젓, 설탕, 식용유"
Vietnamese Tomato Salad,"설탕, 생선 소스, 신선한 라임 주스, 회향 전구, 커비 오이, 녹색 피망, 씨앗, 작은 샬롯, 에어룸 토마토, 허브, 갓 갈은 검은 후추, 소금에 절인 건조 구운 땅콩, 튀긴 샬롯"
Vietnamese Curry Powder,"월계수 잎, 정향, 고수 씨앗, 커민 씨앗, 회향 씨앗, 스타아니스, 아나토 가루, 고춧가루, 마늘 가루, 육두구 가루, 계피, 심황"
Vietnamese Flank Steak,"생선 소스, 간장, 라임, 흑설탕, 마늘, 신선한 생강, 할라피뇨, 옆구리 스테이크"
Vietnamese Pork Noodle Soup,"돼지고기 필레, 라임즙, 간장, 파프리카, 액젓, 라면, 마늘기름, 파, 생강, 치킨스톡, 콩나물, 청경채, 홍고추"
Vietnamese Salad Dressing,"여과수, 생선 소스, 쌀 식초, 라임 주스, 코코넛 야자 설탕, 마늘, 세라노 칠레"
Vietnamese Banh Mi Pork,"흑설탕, 쌀식초, 간장, 액젓, 레몬그라스, 생강, 마늘, 물, 돼지목살"
Vietnamese-Style Beef Pho,"신선한 생강 뿌리, 올리브 오일, 다진 마늘, 노란 양파, 무염 우육수, 물, 중국 오향, 계피 가루, 오리엔탈 라면, 뉴욕 스트립 스테이크, 라임, 신선한 바질, 신선한 고수, 파, 콩나물 , 중화오향, 다진마늘, 생바질, 콩나물, 생고수, 생생강뿌리, 라임, 뉴욕스트립스테이크, 라면, 피노누아, 황양파, 대파, 무염육수"
Vietnamese Lettuce wraps,"버터 상추, 아보카도, 익힌 닭고기, 무, 성냥개비 당근, 오이, 파, 신선한 민트 잎, 땅콩, 라임 주스, 설탕, 생선 소스, 물, Sriracha"
Vietnamese Restaurant-style Grilled Lemongrass Pork (Thit Heo Nuong Xa),"연갈색 설탕, 다진 마늘, 샬롯, 레몬그라스, 후추, 간장, 액젓, 기름"
Spiralized Vietnamese Kohlrabi Salad,"콜라비, 당근, 파, 고수, 바질, 민트, 막걸리 식초, 라임 주스, 마늘, 칠리 플레이크, 아보카도 오일, 액젓, 꿀, 코셔 소금"
Vietnamese Barbecue Beef,"뜨거운 물, 백설탕, 갓 짜낸 라임 주스, 베트남 액젓, 채 썬 당근, 다진 마늘, 새눈 칠리, 베트남 액젓, 설탕, 물, 다진 마늘, 갓 갈은 후추, 옆구리 스테이크, 식물성 기름, 다진 마늘, 잘게 다진 생강, 흰쌀밥, 쪽파"
Vietnamese Beef Soup,"쇠고기 육수, 다진 마늘, 생강, 계피 스틱, 팔각, 액젓, 간장, 황설탕, 쌀국수, 쇠고기, 고수, 베트남 민트, 콩나물, 붉은 고추, 파"
Phở Gà (Vietnamese Chicken Noodles Soup),"사이공 계피, 팔각, 양파, 생강, 통닭, 냉수, 소금, 암설탕, 종려당, 황설탕, 액젓, 식용유, 샬롯, 쌀국수, 파, 고수, 칠리, 라임, 콩나물, 태국식 바질, 쿨란트로, 호이신 소스, 스리라차, 삼발"
Vietnamese Pork Skewers,"다진 돼지고기, 생선 소스, 설탕, 세라노 칠레, 파, 마늘, 코코넛 오일, 물, 버터 레터스, 무, 신선한 민트 잎, 신선한 고수, 라임 조각, 디핑 소스, 라임 주스, 구운 참기름, 흑설탕, 간장 , 신선한 생강 뿌리, 붉은 고추, 마늘"
Vietnamese noodle soup,"쌀국수, 소고기 육수, 레몬그라스, 마늘 정향, 생강, 붉은 고추, 버섯, 액젓, 콩나물, 고수 잎"
Vietnamese One-Pan Caramel Chicken,"닭다리살 껍질, 식물성 기름, 흑설탕, 액젓, 마늘 정향, 코코넛 워터, 간 후추, 붉은 고추, 다진 고수풀, 얇게 썬 오이, 찐 밥, 소금"
Vietnamese Shrimp Pho,"사골, 소꼬리, 냉수, 마늘, 양파, 생강, 스타아니스, 시나몬 스틱, 정향, 올스파이스 베리, 통후추, 액젓, 흑설탕, 코셔 소금, 큰 새우, 국수, 녹두 콩나물, 라임 웨지, 할라피뇨, 고수 잎, 타이 바질 잎, 민트 잎, 얇게 썬 파, 생선 소스, 스리라차 소스"
Vietnamese Chicken Rolls,"로스트, 큰 당근, 적양파, 붉은 고추, 마늘 정향, 백식초, 설탕, 소금, 파슬리, 라임 주스, 오향, 마요네즈, 크러스티 롤, 마기, 소스, 무염 볶은 땅콩"
Vietnamese Spring Roll,"다진 돼지고기, 새우, 말린 목이버섯, 채 썬 당근, 타로 뿌리, 작은 양파, 마늘, 샬롯, 설탕, 액젓, 소금, 후추, 스프링롤 포장지"
Vietnamese Steak Sandwich,"액젓, 라임즙, 황설탕, 갓 간 후추, 옆구리살 스테이크, 카놀라유, 저지방 마요네즈, 바게트, 작은 당근, 오이, 무, 파, 다진 생고수"
Vietnamese Caramel Spare Ribs,"샬롯, 마늘, 다진 생강, 스리라차 핫 칠리 소스, 액젓, 간장, 포장 황설탕, 후추, 포장 흑설탕, 물, 생 라임 주스, 차가운 버터, 밥"
Vietnamese Coffee Affogato,"가당 연유, 헤비 크림, 분쇄 커피, 물"
Vietnamese Pork Rice Bowl,"돼지고기 안심, 밥, 샬롯, 마늘, 액젓, 간장, 설탕, 간장, 후추, 식물성 기름, 물, 설탕, 라임 주스, 액젓, 다진 마늘, 태국 고추, 당근, 무, 파, 고수 , 땅콩"
